Sample Index,Amplitude
0,0.0
1,0.30901700258255005
2,0.5877852439880371
3,0.80901700258255
4,0.9510565400123596
5,1.0
6,0.9510564804077148
7,0.8090168833732605
8,0.5877851843833923
9,0.30901703238487244
10,1.5099580252808664e-07
11,-0.30901697278022766
12,-0.5877853631973267
13,-0.8090171217918396
14,-0.9510565996170044
15,-1.0
16,-0.9510564804077148
17,-0.8090168237686157
18,-0.5877853035926819
19,-0.3090173900127411
20,-3.019916050561733e-07
21,0.3090168237686157
22,0.5877852439880371
23,0.8090170621871948
24,0.9510565400123596
25,1.0
26,0.9510564208030701
27,0.8090165853500366
28,0.5877846479415894
29,0.3090170919895172
30,-2.384976127700611e-08
31,-0.309017151594162
32,-0.5877854824066162
33,-0.8090172410011292
34,-0.951056718826294
35,-1.0
36,-0.9510565400123596
37,-0.80901700258255
38,-0.5877859592437744
39,-0.30901679396629333
40,-6.039832101123466e-07
41,0.30901744961738586
42,0.5877849459648132
43,0.8090174198150635
44,0.9510564804077148
45,1.0
46,0.9510564804077148
47,0.8090174198150635
48,0.5877848863601685
49,0.3090173900127411
50,-6.755324761797965e-07
51,-0.3090159296989441
52,-0.5877860188484192
53,-0.8090165257453918
54,-0.9510568976402283
55,-1.0
56,-0.9510560631752014
57,-0.8090171813964844
58,-0.5877854228019714
59,-0.3090170621871948
60,4.769952255401222e-08
61,0.309017151594162
62,0.5877854824066162
63,0.8090172410011292
64,0.951056718826294
65,1.0
66,0.9510562419891357
67,0.8090164661407471
68,0.5877844095230103
69,0.3090176582336426
70,5.801334168609174e-07
71,-0.3090183734893799
72,-0.587785005569458
73,-0.8090168833732605
74,-0.9510564804077148
75,-1.0
76,-0.9510570764541626
77,-0.8090168237686157
78,-0.5877848863601685
79,-0.3090164363384247
80,-1.2079664202246931e-06
81,0.30901777744293213
82,0.5877860188484192
83,0.8090165257453918
84,0.9510563015937805
85,1.0
86,0.9510560631752014
87,0.8090171813964844
88,0.5877854228019714
89,0.3090170621871948
90,-1.97889789887995e-06
91,-0.3090171813964844
92,-0.587785542011261
93,-0.8090172410011292
94,-0.9510561227798462
95,-1.0
96,-0.9510562419891357
97,-0.8090164065361023
98,-0.5877858996391296
99,-0.3090176582336426
100,1.351064952359593e-06
101,0.30901840329170227
102,0.5877834558486938
103,0.8090180158615112
104,0.9510570764541626
105,1.0
106,0.9510570764541626
107,0.8090178966522217
108,0.5877833366394043
109,0.30901825428009033
110,1.184116626973264e-06
111,-0.30901598930358887
112,-0.5877875685691833
113,-0.8090165257453918
114,-0.9510563015937805
115,-1.0
116,-0.9510566592216492
117,-0.8090171217918396
118,-0.5877853631973267
119,-0.30901703238487244
120,9.539904510802444e-08
121,0.30901721119880676
122,0.587785542011261
123,0.8090173006057739
124,0.951056718826294
125,1.0
126,0.9510562419891357
127,0.8090164065361023
128,0.5877843499183655
129,0.30901944637298584
130,2.4397825200139778e-06
131,-0.30901479721069336
132,-0.5877865552902222
133,-0.8090180158615112
134,-0.9510570764541626
135,-1.0
136,-0.9510558843612671
137,-0.8090179562568665
138,-0.5877863764762878
139,-0.30901822447776794
140,-1.1602668337218347e-06
141,0.30901601910591125
142,0.5877876281738281
143,0.8090187907218933
144,0.9510563015937805
145,1.0
146,0.9510565996170044
147,0.8090171217918396
148,0.5877853631973267
149,0.30901700258255005
150,-1.1924880993774423e-07
151,-0.30901360511779785
152,-0.5877824425697327
153,-0.8090173006057739
154,-0.951056718826294
155,-1.0
156,-0.9510562419891357
157,-0.8090164065361023
158,-0.5877843499183655
159,-0.30901941657066345
160,-2.4159328404493863e-06
161,0.30901482701301575
162,0.5877866148948669
163,0.8090180158615112
164,0.9510570764541626
165,1.0
166,0.9510570764541626
167,0.8090178966522217
168,0.5877863764762878
169,0.30901819467544556
170,1.1364171541572432e-06
171,-0.30901965498924255
172,-0.5877876281738281
173,-0.8090165257453918
174,-0.9510563611984253
175,-1.0
176,-0.9510565996170044
177,-0.8090171217918396
178,-0.5877853631973267
179,-0.30901697278022766
180,3.9577957977599e-06
181,0.30901363492012024
182,0.5877856016159058
183,0.8090173006057739
184,0.951056718826294
185,1.0
186,0.9510562419891357
187,0.8090164065361023
188,0.587787389755249
189,0.30901938676834106
190,2.3920829335111193e-06
191,-0.30901846289634705
192,-0.5877866148948669
193,-0.809018075466156
194,-0.9510571360588074
195,-1.0
196,-0.9510570168495178
197,-0.8090178370475769
198,-0.5877863764762878
199,-0.30901816487312317
200,2.702129904719186e-06
201,0.30901968479156494
202,0.5877876281738281
203,0.8090165853500366
204,0.9510551691055298
205,1.0
206,0.9510554671287537
207,0.8090171217918396
208,0.5877822637557983
209,0.3090169429779053
210,3.647748826551833e-06
211,-0.30901727080345154
212,-0.5877825021743774
213,-0.8090173602104187
214,-0.9510555267333984
215,-1.0
216,-0.9510550498962402
217,-0.8090163469314575
218,-0.587787389755249
219,-0.30901575088500977
220,-2.368233253946528e-06
221,0.30901849269866943
222,0.5877835154533386
223,0.809018075466156
224,0.9510583281517029
225,1.0
226,0.9510570168495178
227,0.8090155720710754
228,0.5877863168716431
229,0.30901452898979187
230,1.0887175676543848e-06
231,-0.30901971459388733
232,-0.5877845883369446
233,-0.8090143203735352
234,-0.9510563611984253
235,-1.0
236,-0.9510565996170044
237,-0.8090148568153381
238,-0.5877853035926819
239,-0.3090205490589142
240,1.9079809021604888e-07
241,0.3090136647224426
242,0.5877856016159058
243,0.809015154838562
244,0.9510567784309387
245,1.0
246,0.951056182384491
247,0.8090185523033142
248,0.5877842903137207
249,0.3090193569660187
250,-1.4703138049299014e-06
251,-0.3090148866176605
252,-0.5877866744995117
253,-0.8090158700942993
254,-0.9510571360588074
255,-1.0
256,-0.9510558247566223
257,-0.8090178370475769
258,-0.5877894163131714
259,-0.3090181350708008
260,-4.8795650400279555e-06
261,0.3090161085128784
262,0.5877814888954163
263,0.8090210556983948
264,0.951057493686676
265,1.0
266,0.9510554671287537
267,0.8090171217918396
268,0.5877822041511536
269,0.3090169131755829
270,-4.029345291201025e-06
271,-0.3090173304080963
272,-0.5877887010574341
273,-0.8090173602104187
274,-0.9510555863380432
275,-1.0
276,-0.9510573744773865
277,-0.8090162873268127
278,-0.5877873301506042
279,-0.309015691280365
280,-2.3205336674436694e-06
281,0.3090112805366516
282,0.5877835750579834
283,0.8090136051177979
284,0.9510583281517029
285,1.0
286,0.9510546326637268
287,0.8090155720710754
288,0.5877863168716431
289,0.3090144693851471
290,1.041018094838364e-06
291,-0.3090197443962097
292,-0.5877845883369446
293,-0.8090188503265381
294,-0.9510563611984253
295,-1.0
296,-0.9510565996170044
297,-0.8090193271636963
298,-0.5877852439880371
299,-0.3090205192565918
300,2.3849761987548845e-07
301,0.3090137243270874
302,0.5877794623374939
303,0.8090196251869202
304,0.9510543942451477
305,1.0
306,0.951056182384491
307,0.809014081954956
308,0.5877842307090759
309,0.3090192973613739
310,-1.518013277745922e-06
311,-0.3090149164199829
312,-0.5877866744995117
313,-0.8090158700942993
314,-0.9510571360588074
315,-1.0
316,-0.9510558247566223
317,-0.8090178370475769
318,-0.5877893567085266
319,-0.309018075466156
320,-4.8318656808987726e-06
321,0.3090234100818634
322,0.587781548500061
323,0.8090210556983948
324,0.951057493686676
325,1.0
326,0.9510554075241089
327,0.8090170621871948
328,0.5877821445465088
329,0.3090168535709381
330,-4.077044650330208e-06
331,-0.3090173602104187
332,-0.5877825617790222
333,-0.8090173602104187
334,-0.9510555863380432
335,-1.0
336,-0.9510573744773865
337,-0.8090162873268127
338,-0.5877872705459595
339,-0.3090229034423828
340,-2.2728343083144864e-06
341,0.3090113401412964
342,0.58778977394104
343,0.8090181350708008
344,0.9510583281517029
345,1.0
346,0.9510570168495178
347,0.8090155720710754
348,0.5877862572669983
349,0.3090144395828247
350,9.933185083355056e-07
351,-0.3090198040008545
352,-0.5877846479415894
353,-0.8090143799781799
354,-0.9510563611984253
355,-1.0
356,-0.9510565996170044
357,-0.8090193271636963
358,-0.5877852439880371
359,-0.309020459651947
360,7.9155915955198e-06
361,0.3090210258960724
362,0.5877795219421387
363,0.8090196251869202
364,0.9510567784309387
365,1.0
366,0.0
367,0.30901700258255005
368,0.5877852439880371
369,0.80901700258255
370,0.9510565400123596
371,1.0
372,0.9510564804077148
373,0.8090168833732605
374,0.5877851843833923
375,0.30901703238487244
376,1.5099580252808664e-07
377,-0.30901697278022766
378,-0.5877853631973267
379,-0.8090171217918396
380,-0.9510565996170044
381,-1.0
382,-0.9510564804077148
383,-0.8090168237686157
384,-0.5877853035926819
385,-0.3090173900127411
386,-3.019916050561733e-07
387,0.3090168237686157
388,0.5877852439880371
389,0.8090170621871948
390,0.9510565400123596
391,1.0
392,0.9510564208030701
393,0.8090165853500366
394,0.5877846479415894
395,0.3090170919895172
396,-2.384976127700611e-08
397,-0.309017151594162
398,-0.5877854824066162
399,-0.8090172410011292
400,-0.951056718826294
401,-1.0
402,-0.9510565400123596
403,-0.80901700258255
404,-0.5877859592437744
405,-0.30901679396629333
406,-6.039832101123466e-07
407,0.30901744961738586
408,0.5877849459648132
409,0.8090174198150635
410,0.9510564804077148
411,1.0
412,0.9510564804077148
413,0.8090174198150635
414,0.5877848863601685
415,0.3090173900127411
416,-6.755324761797965e-07
417,-0.3090159296989441
418,-0.5877860188484192
419,-0.8090165257453918
420,-0.9510568976402283
421,-1.0
422,-0.9510560631752014
423,-0.8090171813964844
424,-0.5877854228019714
425,-0.3090170621871948
426,4.769952255401222e-08
427,0.309017151594162
428,0.5877854824066162
429,0.8090172410011292
430,0.951056718826294
431,1.0
432,0.9510562419891357
433,0.8090164661407471
434,0.5877844095230103
435,0.3090176582336426
436,5.801334168609174e-07
437,-0.3090183734893799
438,-0.587785005569458
439,-0.8090168833732605
440,-0.9510564804077148
441,-1.0
442,-0.9510570764541626
443,-0.8090168237686157
444,-0.5877848863601685
445,-0.3090164363384247
446,-1.2079664202246931e-06
447,0.30901777744293213
448,0.5877860188484192
449,0.8090165257453918
450,0.9510563015937805
451,1.0
452,0.9510560631752014
453,0.8090171813964844
454,0.5877854228019714
455,0.3090170621871948
456,-1.97889789887995e-06
457,-0.3090171813964844
458,-0.587785542011261
459,-0.8090172410011292
460,-0.9510561227798462
461,-1.0
462,-0.9510562419891357
463,-0.8090164065361023
464,-0.5877858996391296
465,-0.3090176582336426
466,1.351064952359593e-06
467,0.30901840329170227
468,0.5877834558486938
469,0.8090180158615112
470,0.9510570764541626
471,1.0
472,0.9510570764541626
473,0.8090178966522217
474,0.5877833366394043
475,0.30901825428009033
476,1.184116626973264e-06
477,-0.30901598930358887
478,-0.5877875685691833
479,-0.8090165257453918
480,-0.9510563015937805
481,-1.0
482,-0.9510566592216492
483,-0.8090171217918396
484,-0.5877853631973267
485,-0.30901703238487244
486,9.539904510802444e-08
487,0.30901721119880676
488,0.587785542011261
489,0.8090173006057739
490,0.951056718826294
491,1.0
492,0.9510562419891357
493,0.8090164065361023
494,0.5877843499183655
495,0.30901944637298584
496,2.4397825200139778e-06
497,-0.30901479721069336
498,-0.5877865552902222
499,-0.8090180158615112
500,-0.9510570764541626
501,-1.0
502,-0.9510558843612671
503,-0.8090179562568665
504,-0.5877863764762878
505,-0.30901822447776794
506,-1.1602668337218347e-06
507,0.30901601910591125
508,0.5877876281738281
509,0.8090187907218933
510,0.9510563015937805
511,1.0
512,0.9510565996170044
513,0.8090171217918396
514,0.5877853631973267
515,0.30901700258255005
516,-1.1924880993774423e-07
517,-0.30901360511779785
518,-0.5877824425697327
519,-0.8090173006057739
520,-0.951056718826294
521,-1.0
522,-0.9510562419891357
523,-0.8090164065361023
524,-0.5877843499183655
525,-0.30901941657066345
526,-2.4159328404493863e-06
527,0.30901482701301575
528,0.5877866148948669
529,0.8090180158615112
530,0.9510570764541626
531,1.0
532,0.9510570764541626
533,0.8090178966522217
534,0.5877863764762878
535,0.30901819467544556
536,1.1364171541572432e-06
537,-0.30901965498924255
538,-0.5877876281738281
539,-0.8090165257453918
540,-0.9510563611984253
541,-1.0
542,-0.9510565996170044
543,-0.8090171217918396
544,-0.5877853631973267
545,-0.30901697278022766
546,3.9577957977599e-06
547,0.30901363492012024
548,0.5877856016159058
549,0.8090173006057739
550,0.951056718826294
551,1.0
552,0.9510562419891357
553,0.8090164065361023
554,0.587787389755249
555,0.30901938676834106
556,2.3920829335111193e-06
557,-0.30901846289634705
558,-0.5877866148948669
559,-0.809018075466156
560,-0.9510571360588074
561,-1.0
562,-0.9510570168495178
563,-0.8090178370475769
564,-0.5877863764762878
565,-0.30901816487312317
566,2.702129904719186e-06
567,0.30901968479156494
568,0.5877876281738281
569,0.8090165853500366
570,0.9510551691055298
571,1.0
572,0.9510554671287537
573,0.8090171217918396
574,0.5877822637557983
575,0.3090169429779053
576,3.647748826551833e-06
577,-0.30901727080345154
578,-0.5877825021743774
579,-0.8090173602104187
580,-0.9510555267333984
581,-1.0
582,-0.9510550498962402
583,-0.8090163469314575
584,-0.587787389755249
585,-0.30901575088500977
586,-2.368233253946528e-06
587,0.30901849269866943
588,0.5877835154533386
589,0.809018075466156
590,0.9510583281517029
591,1.0
592,0.9510570168495178
593,0.8090155720710754
594,0.5877863168716431
595,0.30901452898979187
596,1.0887175676543848e-06
597,-0.30901971459388733
598,-0.5877845883369446
599,-0.8090143203735352
600,-0.9510563611984253
601,-1.0
602,-0.9510565996170044
603,-0.8090148568153381
604,-0.5877853035926819
605,-0.3090205490589142
606,1.9079809021604888e-07
607,0.3090136647224426
608,0.5877856016159058
609,0.809015154838562
610,0.9510567784309387
611,1.0
612,0.951056182384491
613,0.8090185523033142
614,0.5877842903137207
615,0.3090193569660187
616,-1.4703138049299014e-06
617,-0.3090148866176605
618,-0.5877866744995117
619,-0.8090158700942993
620,-0.9510571360588074
621,-1.0
622,-0.9510558247566223
623,-0.8090178370475769
624,-0.5877894163131714
625,-0.3090181350708008
626,-4.8795650400279555e-06
627,0.3090161085128784
628,0.5877814888954163
629,0.8090210556983948
630,0.951057493686676
631,1.0
632,0.9510554671287537
633,0.8090171217918396
634,0.5877822041511536
635,0.3090169131755829
636,-4.029345291201025e-06
637,-0.3090173304080963
638,-0.5877887010574341
639,-0.8090173602104187
640,-0.9510555863380432
641,-1.0
642,-0.9510573744773865
643,-0.8090162873268127
644,-0.5877873301506042
645,-0.309015691280365
646,-2.3205336674436694e-06
647,0.3090112805366516
648,0.5877835750579834
649,0.8090136051177979
650,0.9510583281517029
651,1.0
652,0.9510546326637268
653,0.8090155720710754
654,0.5877863168716431
655,0.3090144693851471
656,1.041018094838364e-06
657,-0.3090197443962097
658,-0.5877845883369446
659,-0.8090188503265381
660,-0.9510563611984253
661,-1.0
662,-0.9510565996170044
663,-0.8090193271636963
664,-0.5877852439880371
665,-0.3090205192565918
666,2.3849761987548845e-07
667,0.3090137243270874
668,0.5877794623374939
669,0.8090196251869202
670,0.9510543942451477
671,1.0
672,0.951056182384491
673,0.809014081954956
674,0.5877842307090759
675,0.3090192973613739
676,-1.518013277745922e-06
677,-0.3090149164199829
678,-0.5877866744995117
679,-0.8090158700942993
680,-0.9510571360588074
681,-1.0
682,-0.9510558247566223
683,-0.8090178370475769
684,-0.5877893567085266
685,-0.309018075466156
686,-4.8318656808987726e-06
687,0.3090234100818634
688,0.587781548500061
689,0.8090210556983948
690,0.951057493686676
691,1.0
692,0.9510554075241089
693,0.8090170621871948
694,0.5877821445465088
695,0.3090168535709381
696,-4.077044650330208e-06
697,-0.3090173602104187
698,-0.5877825617790222
699,-0.8090173602104187
700,-0.9510555863380432
701,-1.0
702,-0.9510573744773865
703,-0.8090162873268127
704,-0.5877872705459595
705,-0.3090229034423828
706,-2.2728343083144864e-06
707,0.3090113401412964
708,0.58778977394104
709,0.8090181350708008
710,0.9510583281517029
711,1.0
712,0.9510570168495178
713,0.8090155720710754
714,0.5877862572669983
715,0.3090144395828247
716,9.933185083355056e-07
717,-0.3090198040008545
718,-0.5877846479415894
719,-0.8090143799781799
720,-0.9510563611984253
721,-1.0
722,-0.9510565996170044
723,-0.8090193271636963
724,-0.5877852439880371
725,-0.309020459651947
726,7.9155915955198e-06
727,0.3090210258960724
728,0.5877795219421387
729,0.8090196251869202
730,0.9510567784309387
731,1.0
732,0.0
733,0.30901700258255005
734,0.5877852439880371
735,0.80901700258255
736,0.9510565400123596
737,1.0
738,0.9510564804077148
739,0.8090168833732605
740,0.5877851843833923
741,0.30901703238487244
742,1.5099580252808664e-07
743,-0.30901697278022766
744,-0.5877853631973267
745,-0.8090171217918396
746,-0.9510565996170044
747,-1.0
748,-0.9510564804077148
749,-0.8090168237686157
750,-0.5877853035926819
751,-0.3090173900127411
752,-3.019916050561733e-07
753,0.3090168237686157
754,0.5877852439880371
755,0.8090170621871948
756,0.9510565400123596
757,1.0
758,0.9510564208030701
759,0.8090165853500366
760,0.5877846479415894
761,0.3090170919895172
762,-2.384976127700611e-08
763,-0.309017151594162
764,-0.5877854824066162
765,-0.8090172410011292
766,-0.951056718826294
767,-1.0
768,-0.9510565400123596
769,-0.80901700258255
770,-0.5877859592437744
771,-0.30901679396629333
772,-6.039832101123466e-07
773,0.30901744961738586
774,0.5877849459648132
775,0.8090174198150635
776,0.9510564804077148
777,1.0
778,0.9510564804077148
779,0.8090174198150635
780,0.5877848863601685
781,0.3090173900127411
782,-6.755324761797965e-07
783,-0.3090159296989441
784,-0.5877860188484192
785,-0.8090165257453918
786,-0.9510568976402283
787,-1.0
788,-0.9510560631752014
789,-0.8090171813964844
790,-0.5877854228019714
791,-0.3090170621871948
792,4.769952255401222e-08
793,0.309017151594162
794,0.5877854824066162
795,0.8090172410011292
796,0.951056718826294
797,1.0
798,0.9510562419891357
799,0.8090164661407471
800,0.5877844095230103
801,0.3090176582336426
802,5.801334168609174e-07
803,-0.3090183734893799
804,-0.587785005569458
805,-0.8090168833732605
806,-0.9510564804077148
807,-1.0
808,-0.9510570764541626
809,-0.8090168237686157
810,-0.5877848863601685
811,-0.3090164363384247
812,-1.2079664202246931e-06
813,0.30901777744293213
814,0.5877860188484192
815,0.8090165257453918
816,0.9510563015937805
817,1.0
818,0.9510560631752014
819,0.8090171813964844
820,0.5877854228019714
821,0.3090170621871948
822,-1.97889789887995e-06
823,-0.3090171813964844
824,-0.587785542011261
825,-0.8090172410011292
826,-0.9510561227798462
827,-1.0
828,-0.9510562419891357
829,-0.8090164065361023
830,-0.5877858996391296
831,-0.3090176582336426
832,1.351064952359593e-06
833,0.30901840329170227
834,0.5877834558486938
835,0.8090180158615112
836,0.9510570764541626
837,1.0
838,0.9510570764541626
839,0.8090178966522217
840,0.5877833366394043
841,0.30901825428009033
842,1.184116626973264e-06
843,-0.30901598930358887
844,-0.5877875685691833
845,-0.8090165257453918
846,-0.9510563015937805
847,-1.0
848,-0.9510566592216492
849,-0.8090171217918396
850,-0.5877853631973267
851,-0.30901703238487244
852,9.539904510802444e-08
853,0.30901721119880676
854,0.587785542011261
855,0.8090173006057739
856,0.951056718826294
857,1.0
858,0.9510562419891357
859,0.8090164065361023
860,0.5877843499183655
861,0.30901944637298584
862,2.4397825200139778e-06
863,-0.30901479721069336
864,-0.5877865552902222
865,-0.8090180158615112
866,-0.9510570764541626
867,-1.0
868,-0.9510558843612671
869,-0.8090179562568665
870,-0.5877863764762878
871,-0.30901822447776794
872,-1.1602668337218347e-06
873,0.30901601910591125
874,0.5877876281738281
875,0.8090187907218933
876,0.9510563015937805
877,1.0
878,0.9510565996170044
879,0.8090171217918396
880,0.5877853631973267
881,0.30901700258255005
882,-1.1924880993774423e-07
883,-0.30901360511779785
884,-0.5877824425697327
885,-0.8090173006057739
886,-0.951056718826294
887,-1.0
888,-0.9510562419891357
889,-0.8090164065361023
890,-0.5877843499183655
891,-0.30901941657066345
892,-2.4159328404493863e-06
893,0.30901482701301575
894,0.5877866148948669
895,0.8090180158615112
896,0.9510570764541626
897,1.0
898,0.9510570764541626
899,0.8090178966522217
900,0.5877863764762878
901,0.30901819467544556
902,1.1364171541572432e-06
903,-0.30901965498924255
904,-0.5877876281738281
905,-0.8090165257453918
906,-0.9510563611984253
907,-1.0
908,-0.9510565996170044
909,-0.8090171217918396
910,-0.5877853631973267
911,-0.30901697278022766
912,3.9577957977599e-06
913,0.30901363492012024
914,0.5877856016159058
915,0.8090173006057739
916,0.951056718826294
917,1.0
918,0.9510562419891357
919,0.8090164065361023
920,0.587787389755249
921,0.30901938676834106
922,2.3920829335111193e-06
923,-0.30901846289634705
924,-0.5877866148948669
925,-0.809018075466156
926,-0.9510571360588074
927,-1.0
928,-0.9510570168495178
929,-0.8090178370475769
930,-0.5877863764762878
931,-0.30901816487312317
932,2.702129904719186e-06
933,0.30901968479156494
934,0.5877876281738281
935,0.8090165853500366
936,0.9510551691055298
937,1.0
938,0.9510554671287537
939,0.8090171217918396
940,0.5877822637557983
941,0.3090169429779053
942,3.647748826551833e-06
943,-0.30901727080345154
944,-0.5877825021743774
945,-0.8090173602104187
946,-0.9510555267333984
947,-1.0
948,-0.9510550498962402
949,-0.8090163469314575
950,-0.587787389755249
951,-0.30901575088500977
952,-2.368233253946528e-06
953,0.30901849269866943
954,0.5877835154533386
955,0.809018075466156
956,0.9510583281517029
957,1.0
958,0.9510570168495178
959,0.8090155720710754
960,0.5877863168716431
961,0.30901452898979187
962,1.0887175676543848e-06
963,-0.30901971459388733
964,-0.5877845883369446
965,-0.8090143203735352
966,-0.9510563611984253
967,-1.0
968,-0.9510565996170044
969,-0.8090148568153381
970,-0.5877853035926819
971,-0.3090205490589142
972,1.9079809021604888e-07
973,0.3090136647224426
974,0.5877856016159058
975,0.809015154838562
976,0.9510567784309387
977,1.0
978,0.951056182384491
979,0.8090185523033142
980,0.5877842903137207
981,0.3090193569660187
982,-1.4703138049299014e-06
983,-0.3090148866176605
984,-0.5877866744995117
985,-0.8090158700942993
986,-0.9510571360588074
987,-1.0
988,-0.9510558247566223
989,-0.8090178370475769
990,-0.5877894163131714
991,-0.3090181350708008
992,-4.8795650400279555e-06
993,0.3090161085128784
994,0.5877814888954163
995,0.8090210556983948
996,0.951057493686676
997,1.0
998,0.9510554671287537
999,0.8090171217918396
1000,0.5877822041511536
1001,0.3090169131755829
1002,-4.029345291201025e-06
1003,-0.3090173304080963
1004,-0.5877887010574341
1005,-0.8090173602104187
1006,-0.9510555863380432
1007,-1.0
1008,-0.9510573744773865
1009,-0.8090162873268127
1010,-0.5877873301506042
1011,-0.309015691280365
1012,-2.3205336674436694e-06
1013,0.3090112805366516
1014,0.5877835750579834
1015,0.8090136051177979
1016,0.9510583281517029
1017,1.0
1018,0.9510546326637268
1019,0.8090155720710754
1020,0.5877863168716431
1021,0.3090144693851471
1022,1.041018094838364e-06
1023,-0.3090197443962097
1024,-0.5877845883369446
1025,-0.8090188503265381
1026,-0.9510563611984253
1027,-1.0
1028,-0.9510565996170044
1029,-0.8090193271636963
1030,-0.5877852439880371
1031,-0.3090205192565918
1032,2.3849761987548845e-07
1033,0.3090137243270874
1034,0.5877794623374939
1035,0.8090196251869202
1036,0.9510543942451477
1037,1.0
1038,0.951056182384491
1039,0.809014081954956
1040,0.5877842307090759
1041,0.3090192973613739
1042,-1.518013277745922e-06
1043,-0.3090149164199829
1044,-0.5877866744995117
1045,-0.8090158700942993
1046,-0.9510571360588074
1047,-1.0
1048,-0.9510558247566223
1049,-0.8090178370475769
1050,-0.5877893567085266
1051,-0.309018075466156
1052,-4.8318656808987726e-06
1053,0.3090234100818634
1054,0.587781548500061
1055,0.8090210556983948
1056,0.951057493686676
1057,1.0
1058,0.9510554075241089
1059,0.8090170621871948
1060,0.5877821445465088
1061,0.3090168535709381
1062,-4.077044650330208e-06
1063,-0.3090173602104187
1064,-0.5877825617790222
1065,-0.8090173602104187
1066,-0.9510555863380432
1067,-1.0
1068,-0.9510573744773865
1069,-0.8090162873268127
1070,-0.5877872705459595
1071,-0.3090229034423828
1072,-2.2728343083144864e-06
1073,0.3090113401412964
1074,0.58778977394104
1075,0.8090181350708008
1076,0.9510583281517029
1077,1.0
1078,0.9510570168495178
1079,0.8090155720710754
1080,0.5877862572669983
1081,0.3090144395828247
1082,9.933185083355056e-07
1083,-0.3090198040008545
1084,-0.5877846479415894
1085,-0.8090143799781799
1086,-0.9510563611984253
1087,-1.0
1088,-0.9510565996170044
1089,-0.8090193271636963
1090,-0.5877852439880371
1091,-0.309020459651947
1092,7.9155915955198e-06
1093,0.3090210258960724
1094,0.5877795219421387
1095,0.8090196251869202
1096,0.9510567784309387
1097,1.0
1098,0.0
1099,0.30901700258255005
1100,0.5877852439880371
1101,0.80901700258255
1102,0.9510565400123596
1103,1.0
1104,0.9510564804077148
1105,0.8090168833732605
1106,0.5877851843833923
1107,0.30901703238487244
1108,1.5099580252808664e-07
1109,-0.30901697278022766
1110,-0.5877853631973267
1111,-0.8090171217918396
1112,-0.9510565996170044
1113,-1.0
1114,-0.9510564804077148
1115,-0.8090168237686157
1116,-0.5877853035926819
1117,-0.3090173900127411
1118,-3.019916050561733e-07
1119,0.3090168237686157
1120,0.5877852439880371
1121,0.8090170621871948
1122,0.9510565400123596
1123,1.0
1124,0.9510564208030701
1125,0.8090165853500366
1126,0.5877846479415894
1127,0.3090170919895172
1128,-2.384976127700611e-08
1129,-0.309017151594162
1130,-0.5877854824066162
1131,-0.8090172410011292
1132,-0.951056718826294
1133,-1.0
1134,-0.9510565400123596
1135,-0.80901700258255
1136,-0.5877859592437744
1137,-0.30901679396629333
1138,-6.039832101123466e-07
1139,0.30901744961738586
1140,0.5877849459648132
1141,0.8090174198150635
1142,0.9510564804077148
1143,1.0
1144,0.9510564804077148
1145,0.8090174198150635
1146,0.5877848863601685
1147,0.3090173900127411
1148,-6.755324761797965e-07
1149,-0.3090159296989441
1150,-0.5877860188484192
1151,-0.8090165257453918
1152,-0.9510568976402283
1153,-1.0
1154,-0.9510560631752014
1155,-0.8090171813964844
1156,-0.5877854228019714
1157,-0.3090170621871948
1158,4.769952255401222e-08
1159,0.309017151594162
1160,0.5877854824066162
1161,0.8090172410011292
1162,0.951056718826294
1163,1.0
1164,0.9510562419891357
1165,0.8090164661407471
1166,0.5877844095230103
1167,0.3090176582336426
1168,5.801334168609174e-07
1169,-0.3090183734893799
1170,-0.587785005569458
1171,-0.8090168833732605
1172,-0.9510564804077148
1173,-1.0
1174,-0.9510570764541626
1175,-0.8090168237686157
1176,-0.5877848863601685
1177,-0.3090164363384247
1178,-1.2079664202246931e-06
1179,0.30901777744293213
1180,0.5877860188484192
1181,0.8090165257453918
1182,0.9510563015937805
1183,1.0
1184,0.9510560631752014
1185,0.8090171813964844
1186,0.5877854228019714
1187,0.3090170621871948
1188,-1.97889789887995e-06
1189,-0.3090171813964844
1190,-0.587785542011261
1191,-0.8090172410011292
1192,-0.9510561227798462
1193,-1.0
1194,-0.9510562419891357
1195,-0.8090164065361023
1196,-0.5877858996391296
1197,-0.3090176582336426
1198,1.351064952359593e-06
1199,0.30901840329170227
1200,0.5877834558486938
1201,0.8090180158615112
1202,0.9510570764541626
1203,1.0
1204,0.9510570764541626
1205,0.8090178966522217
1206,0.5877833366394043
1207,0.30901825428009033
1208,1.184116626973264e-06
1209,-0.30901598930358887
1210,-0.5877875685691833
1211,-0.8090165257453918
1212,-0.9510563015937805
1213,-1.0
1214,-0.9510566592216492
1215,-0.8090171217918396
1216,-0.5877853631973267
1217,-0.30901703238487244
1218,9.539904510802444e-08
1219,0.30901721119880676
1220,0.587785542011261
1221,0.8090173006057739
1222,0.951056718826294
1223,1.0
1224,0.9510562419891357
1225,0.8090164065361023
1226,0.5877843499183655
1227,0.30901944637298584
1228,2.4397825200139778e-06
1229,-0.30901479721069336
1230,-0.5877865552902222
1231,-0.8090180158615112
1232,-0.9510570764541626
1233,-1.0
1234,-0.9510558843612671
1235,-0.8090179562568665
1236,-0.5877863764762878
1237,-0.30901822447776794
1238,-1.1602668337218347e-06
1239,0.30901601910591125
1240,0.5877876281738281
1241,0.8090187907218933
1242,0.9510563015937805
1243,1.0
1244,0.9510565996170044
1245,0.8090171217918396
1246,0.5877853631973267
1247,0.30901700258255005
1248,-1.1924880993774423e-07
1249,-0.30901360511779785
1250,-0.5877824425697327
1251,-0.8090173006057739
1252,-0.951056718826294
1253,-1.0
1254,-0.9510562419891357
1255,-0.8090164065361023
1256,-0.5877843499183655
1257,-0.30901941657066345
1258,-2.4159328404493863e-06
1259,0.30901482701301575
1260,0.5877866148948669
1261,0.8090180158615112
1262,0.9510570764541626
1263,1.0
1264,0.9510570764541626
1265,0.8090178966522217
1266,0.5877863764762878
1267,0.30901819467544556
1268,1.1364171541572432e-06
1269,-0.30901965498924255
1270,-0.5877876281738281
1271,-0.8090165257453918
1272,-0.9510563611984253
1273,-1.0
1274,-0.9510565996170044
1275,-0.8090171217918396
1276,-0.5877853631973267
1277,-0.30901697278022766
1278,3.9577957977599e-06
1279,0.30901363492012024
1280,0.5877856016159058
1281,0.8090173006057739
1282,0.951056718826294
1283,1.0
1284,0.9510562419891357
1285,0.8090164065361023
1286,0.587787389755249
1287,0.30901938676834106
1288,2.3920829335111193e-06
1289,-0.30901846289634705
1290,-0.5877866148948669
1291,-0.809018075466156
1292,-0.9510571360588074
1293,-1.0
1294,-0.9510570168495178
1295,-0.8090178370475769
1296,-0.5877863764762878
1297,-0.30901816487312317
1298,2.702129904719186e-06
1299,0.30901968479156494
1300,0.5877876281738281
1301,0.8090165853500366
1302,0.9510551691055298
1303,1.0
1304,0.9510554671287537
1305,0.8090171217918396
1306,0.5877822637557983
1307,0.3090169429779053
1308,3.647748826551833e-06
1309,-0.30901727080345154
1310,-0.5877825021743774
1311,-0.8090173602104187
1312,-0.9510555267333984
1313,-1.0
1314,-0.9510550498962402
1315,-0.8090163469314575
1316,-0.587787389755249
1317,-0.30901575088500977
1318,-2.368233253946528e-06
1319,0.30901849269866943
1320,0.5877835154533386
1321,0.809018075466156
1322,0.9510583281517029
1323,1.0
1324,0.9510570168495178
1325,0.8090155720710754
1326,0.5877863168716431
1327,0.30901452898979187
1328,1.0887175676543848e-06
1329,-0.30901971459388733
1330,-0.5877845883369446
1331,-0.8090143203735352
1332,-0.9510563611984253
1333,-1.0
1334,-0.9510565996170044
1335,-0.8090148568153381
1336,-0.5877853035926819
1337,-0.3090205490589142
1338,1.9079809021604888e-07
1339,0.3090136647224426
1340,0.5877856016159058
1341,0.809015154838562
1342,0.9510567784309387
1343,1.0
1344,0.951056182384491
1345,0.8090185523033142
1346,0.5877842903137207
1347,0.3090193569660187
1348,-1.4703138049299014e-06
1349,-0.3090148866176605
1350,-0.5877866744995117
1351,-0.8090158700942993
1352,-0.9510571360588074
1353,-1.0
1354,-0.9510558247566223
1355,-0.8090178370475769
1356,-0.5877894163131714
1357,-0.3090181350708008
1358,-4.8795650400279555e-06
1359,0.3090161085128784
1360,0.5877814888954163
1361,0.8090210556983948
1362,0.951057493686676
1363,1.0
1364,0.9510554671287537
1365,0.8090171217918396
1366,0.5877822041511536
1367,0.3090169131755829
1368,-4.029345291201025e-06
1369,-0.3090173304080963
1370,-0.5877887010574341
1371,-0.8090173602104187
1372,-0.9510555863380432
1373,-1.0
1374,-0.9510573744773865
1375,-0.8090162873268127
1376,-0.5877873301506042
1377,-0.309015691280365
1378,-2.3205336674436694e-06
1379,0.3090112805366516
1380,0.5877835750579834
1381,0.8090136051177979
1382,0.9510583281517029
1383,1.0
1384,0.9510546326637268
1385,0.8090155720710754
1386,0.5877863168716431
1387,0.3090144693851471
1388,1.041018094838364e-06
1389,-0.3090197443962097
1390,-0.5877845883369446
1391,-0.8090188503265381
1392,-0.9510563611984253
1393,-1.0
1394,-0.9510565996170044
1395,-0.8090193271636963
1396,-0.5877852439880371
1397,-0.3090205192565918
1398,2.3849761987548845e-07
1399,0.3090137243270874
1400,0.5877794623374939
1401,0.8090196251869202
1402,0.9510543942451477
1403,1.0
1404,0.951056182384491
1405,0.809014081954956
1406,0.5877842307090759
1407,0.3090192973613739
1408,-1.518013277745922e-06
1409,-0.3090149164199829
1410,-0.5877866744995117
1411,-0.8090158700942993
1412,-0.9510571360588074
1413,-1.0
1414,-0.9510558247566223
1415,-0.8090178370475769
1416,-0.5877893567085266
1417,-0.309018075466156
1418,-4.8318656808987726e-06
1419,0.3090234100818634
1420,0.587781548500061
1421,0.8090210556983948
1422,0.951057493686676
1423,1.0
1424,0.9510554075241089
1425,0.8090170621871948
1426,0.5877821445465088
1427,0.3090168535709381
1428,-4.077044650330208e-06
1429,-0.3090173602104187
1430,-0.5877825617790222
1431,-0.8090173602104187
1432,-0.9510555863380432
1433,-1.0
1434,-0.9510573744773865
1435,-0.8090162873268127
1436,-0.5877872705459595
1437,-0.3090229034423828
1438,-2.2728343083144864e-06
1439,0.3090113401412964
1440,0.58778977394104
1441,0.8090181350708008
1442,0.9510583281517029
1443,1.0
1444,0.9510570168495178
1445,0.8090155720710754
1446,0.5877862572669983
1447,0.3090144395828247
1448,9.933185083355056e-07
1449,-0.3090198040008545
1450,-0.5877846479415894
1451,-0.8090143799781799
1452,-0.9510563611984253
1453,-1.0
1454,-0.9510565996170044
1455,-0.8090193271636963
1456,-0.5877852439880371
1457,-0.309020459651947
1458,7.9155915955198e-06
1459,0.3090210258960724
1460,0.5877795219421387
1461,0.8090196251869202
1462,0.9510567784309387
1463,1.0
1464,0.0
1465,0.30901700258255005
1466,0.5877852439880371
1467,0.80901700258255
1468,0.9510565400123596
1469,1.0
1470,0.9510564804077148
1471,0.8090168833732605
1472,0.5877851843833923
1473,0.30901703238487244
1474,1.5099580252808664e-07
1475,-0.30901697278022766
1476,-0.5877853631973267
1477,-0.8090171217918396
1478,-0.9510565996170044
1479,-1.0
1480,-0.9510564804077148
1481,-0.8090168237686157
1482,-0.5877853035926819
1483,-0.3090173900127411
1484,-3.019916050561733e-07
1485,0.3090168237686157
1486,0.5877852439880371
1487,0.8090170621871948
1488,0.9510565400123596
1489,1.0
1490,0.9510564208030701
1491,0.8090165853500366
1492,0.5877846479415894
1493,0.3090170919895172
1494,-2.384976127700611e-08
1495,-0.309017151594162
1496,-0.5877854824066162
1497,-0.8090172410011292
1498,-0.951056718826294
1499,-1.0
1500,-0.9510565400123596
1501,-0.80901700258255
1502,-0.5877859592437744
1503,-0.30901679396629333
1504,-6.039832101123466e-07
1505,0.30901744961738586
1506,0.5877849459648132
1507,0.8090174198150635
1508,0.9510564804077148
1509,1.0
1510,0.9510564804077148
1511,0.8090174198150635
1512,0.5877848863601685
1513,0.3090173900127411
1514,-6.755324761797965e-07
1515,-0.3090159296989441
1516,-0.5877860188484192
1517,-0.8090165257453918
1518,-0.9510568976402283
1519,-1.0
1520,-0.9510560631752014
1521,-0.8090171813964844
1522,-0.5877854228019714
1523,-0.3090170621871948
1524,4.769952255401222e-08
1525,0.309017151594162
1526,0.5877854824066162
1527,0.8090172410011292
1528,0.951056718826294
1529,1.0
1530,0.9510562419891357
1531,0.8090164661407471
1532,0.5877844095230103
1533,0.3090176582336426
1534,5.801334168609174e-07
1535,-0.3090183734893799
1536,-0.587785005569458
1537,-0.8090168833732605
1538,-0.9510564804077148
1539,-1.0
1540,-0.9510570764541626
1541,-0.8090168237686157
1542,-0.5877848863601685
1543,-0.3090164363384247
1544,-1.2079664202246931e-06
1545,0.30901777744293213
1546,0.5877860188484192
1547,0.8090165257453918
1548,0.9510563015937805
1549,1.0
1550,0.9510560631752014
1551,0.8090171813964844
1552,0.5877854228019714
1553,0.3090170621871948
1554,-1.97889789887995e-06
1555,-0.3090171813964844
1556,-0.587785542011261
1557,-0.8090172410011292
1558,-0.9510561227798462
1559,-1.0
1560,-0.9510562419891357
1561,-0.8090164065361023
1562,-0.5877858996391296
1563,-0.3090176582336426
1564,1.351064952359593e-06
1565,0.30901840329170227
1566,0.5877834558486938
1567,0.8090180158615112
1568,0.9510570764541626
1569,1.0
1570,0.9510570764541626
1571,0.8090178966522217
1572,0.5877833366394043
1573,0.30901825428009033
1574,1.184116626973264e-06
1575,-0.30901598930358887
1576,-0.5877875685691833
1577,-0.8090165257453918
1578,-0.9510563015937805
1579,-1.0
1580,-0.9510566592216492
1581,-0.8090171217918396
1582,-0.5877853631973267
1583,-0.30901703238487244
1584,9.539904510802444e-08
1585,0.30901721119880676
1586,0.587785542011261
1587,0.8090173006057739
1588,0.951056718826294
1589,1.0
1590,0.9510562419891357
1591,0.8090164065361023
1592,0.5877843499183655
1593,0.30901944637298584
1594,2.4397825200139778e-06
1595,-0.30901479721069336
1596,-0.5877865552902222
1597,-0.8090180158615112
1598,-0.9510570764541626
1599,-1.0
1600,-0.9510558843612671
1601,-0.8090179562568665
1602,-0.5877863764762878
1603,-0.30901822447776794
1604,-1.1602668337218347e-06
1605,0.30901601910591125
1606,0.5877876281738281
1607,0.8090187907218933
1608,0.9510563015937805
1609,1.0
1610,0.9510565996170044
1611,0.8090171217918396
1612,0.5877853631973267
1613,0.30901700258255005
1614,-1.1924880993774423e-07
1615,-0.30901360511779785
1616,-0.5877824425697327
1617,-0.8090173006057739
1618,-0.951056718826294
1619,-1.0
1620,-0.9510562419891357
1621,-0.8090164065361023
1622,-0.5877843499183655
1623,-0.30901941657066345
1624,-2.4159328404493863e-06
1625,0.30901482701301575
1626,0.5877866148948669
1627,0.8090180158615112
1628,0.9510570764541626
1629,1.0
1630,0.9510570764541626
1631,0.8090178966522217
1632,0.5877863764762878
1633,0.30901819467544556
1634,1.1364171541572432e-06
1635,-0.30901965498924255
1636,-0.5877876281738281
1637,-0.8090165257453918
1638,-0.9510563611984253
1639,-1.0
1640,-0.9510565996170044
1641,-0.8090171217918396
1642,-0.5877853631973267
1643,-0.30901697278022766
1644,3.9577957977599e-06
1645,0.30901363492012024
1646,0.5877856016159058
1647,0.8090173006057739
1648,0.951056718826294
1649,1.0
1650,0.9510562419891357
1651,0.8090164065361023
1652,0.587787389755249
1653,0.30901938676834106
1654,2.3920829335111193e-06
1655,-0.30901846289634705
1656,-0.5877866148948669
1657,-0.809018075466156
1658,-0.9510571360588074
1659,-1.0
1660,-0.9510570168495178
1661,-0.8090178370475769
1662,-0.5877863764762878
1663,-0.30901816487312317
1664,2.702129904719186e-06
1665,0.30901968479156494
1666,0.5877876281738281
1667,0.8090165853500366
1668,0.9510551691055298
1669,1.0
1670,0.9510554671287537
1671,0.8090171217918396
1672,0.5877822637557983
1673,0.3090169429779053
1674,3.647748826551833e-06
1675,-0.30901727080345154
1676,-0.5877825021743774
1677,-0.8090173602104187
1678,-0.9510555267333984
1679,-1.0
1680,-0.9510550498962402
1681,-0.8090163469314575
1682,-0.587787389755249
1683,-0.30901575088500977
1684,-2.368233253946528e-06
1685,0.30901849269866943
1686,0.5877835154533386
1687,0.809018075466156
1688,0.9510583281517029
1689,1.0
1690,0.9510570168495178
1691,0.8090155720710754
1692,0.5877863168716431
1693,0.30901452898979187
1694,1.0887175676543848e-06
1695,-0.30901971459388733
1696,-0.5877845883369446
1697,-0.8090143203735352
1698,-0.9510563611984253
1699,-1.0
1700,-0.9510565996170044
1701,-0.8090148568153381
1702,-0.5877853035926819
1703,-0.3090205490589142
1704,1.9079809021604888e-07
1705,0.3090136647224426
1706,0.5877856016159058
1707,0.809015154838562
1708,0.9510567784309387
1709,1.0
1710,0.951056182384491
1711,0.8090185523033142
1712,0.5877842903137207
1713,0.3090193569660187
1714,-1.4703138049299014e-06
1715,-0.3090148866176605
1716,-0.5877866744995117
1717,-0.8090158700942993
1718,-0.9510571360588074
1719,-1.0
1720,-0.9510558247566223
1721,-0.8090178370475769
1722,-0.5877894163131714
1723,-0.3090181350708008
1724,-4.8795650400279555e-06
1725,0.3090161085128784
1726,0.5877814888954163
1727,0.8090210556983948
1728,0.951057493686676
1729,1.0
1730,0.9510554671287537
1731,0.8090171217918396
1732,0.5877822041511536
1733,0.3090169131755829
1734,-4.029345291201025e-06
1735,-0.3090173304080963
1736,-0.5877887010574341
1737,-0.8090173602104187
1738,-0.9510555863380432
1739,-1.0
1740,-0.9510573744773865
1741,-0.8090162873268127
1742,-0.5877873301506042
1743,-0.309015691280365
1744,-2.3205336674436694e-06
1745,0.3090112805366516
1746,0.5877835750579834
1747,0.8090136051177979
1748,0.9510583281517029
1749,1.0
1750,0.9510546326637268
1751,0.8090155720710754
1752,0.5877863168716431
1753,0.3090144693851471
1754,1.041018094838364e-06
1755,-0.3090197443962097
1756,-0.5877845883369446
1757,-0.8090188503265381
1758,-0.9510563611984253
1759,-1.0
1760,-0.9510565996170044
1761,-0.8090193271636963
1762,-0.5877852439880371
1763,-0.3090205192565918
1764,2.3849761987548845e-07
1765,0.3090137243270874
1766,0.5877794623374939
1767,0.8090196251869202
1768,0.9510543942451477
1769,1.0
1770,0.951056182384491
1771,0.809014081954956
1772,0.5877842307090759
1773,0.3090192973613739
1774,-1.518013277745922e-06
1775,-0.3090149164199829
1776,-0.5877866744995117
1777,-0.8090158700942993
1778,-0.9510571360588074
1779,-1.0
1780,-0.9510558247566223
1781,-0.8090178370475769
1782,-0.5877893567085266
1783,-0.309018075466156
1784,-4.8318656808987726e-06
1785,0.3090234100818634
1786,0.587781548500061
1787,0.8090210556983948
1788,0.951057493686676
1789,1.0
1790,0.9510554075241089
1791,0.8090170621871948
1792,0.5877821445465088
1793,0.3090168535709381
1794,-4.077044650330208e-06
1795,-0.3090173602104187
1796,-0.5877825617790222
1797,-0.8090173602104187
1798,-0.9510555863380432
1799,-1.0
1800,-0.9510573744773865
1801,-0.8090162873268127
1802,-0.5877872705459595
1803,-0.3090229034423828
1804,-2.2728343083144864e-06
1805,0.3090113401412964
1806,0.58778977394104
1807,0.8090181350708008
1808,0.9510583281517029
1809,1.0
1810,0.9510570168495178
1811,0.8090155720710754
1812,0.5877862572669983
1813,0.3090144395828247
1814,9.933185083355056e-07
1815,-0.3090198040008545
1816,-0.5877846479415894
1817,-0.8090143799781799
1818,-0.9510563611984253
1819,-1.0
1820,-0.9510565996170044
1821,-0.8090193271636963
1822,-0.5877852439880371
1823,-0.309020459651947
1824,7.9155915955198e-06
1825,0.3090210258960724
1826,0.5877795219421387
1827,0.8090196251869202
1828,0.9510567784309387
1829,1.0
1830,0.0
1831,0.30901700258255005
1832,0.5877852439880371
1833,0.80901700258255
1834,0.9510565400123596
1835,1.0
1836,0.9510564804077148
1837,0.8090168833732605
1838,0.5877851843833923
1839,0.30901703238487244
1840,1.5099580252808664e-07
1841,-0.30901697278022766
1842,-0.5877853631973267
1843,-0.8090171217918396
1844,-0.9510565996170044
1845,-1.0
1846,-0.9510564804077148
1847,-0.8090168237686157
1848,-0.5877853035926819
1849,-0.3090173900127411
1850,-3.019916050561733e-07
1851,0.3090168237686157
1852,0.5877852439880371
1853,0.8090170621871948
1854,0.9510565400123596
1855,1.0
1856,0.9510564208030701
1857,0.8090165853500366
1858,0.5877846479415894
1859,0.3090170919895172
1860,-2.384976127700611e-08
1861,-0.309017151594162
1862,-0.5877854824066162
1863,-0.8090172410011292
1864,-0.951056718826294
1865,-1.0
1866,-0.9510565400123596
1867,-0.80901700258255
1868,-0.5877859592437744
1869,-0.30901679396629333
1870,-6.039832101123466e-07
1871,0.30901744961738586
1872,0.5877849459648132
1873,0.8090174198150635
1874,0.9510564804077148
1875,1.0
1876,0.9510564804077148
1877,0.8090174198150635
1878,0.5877848863601685
1879,0.3090173900127411
1880,-6.755324761797965e-07
1881,-0.3090159296989441
1882,-0.5877860188484192
1883,-0.8090165257453918
1884,-0.9510568976402283
1885,-1.0
1886,-0.9510560631752014
1887,-0.8090171813964844
1888,-0.5877854228019714
1889,-0.3090170621871948
1890,4.769952255401222e-08
1891,0.309017151594162
1892,0.5877854824066162
1893,0.8090172410011292
1894,0.951056718826294
1895,1.0
1896,0.9510562419891357
1897,0.8090164661407471
1898,0.5877844095230103
1899,0.3090176582336426
1900,5.801334168609174e-07
1901,-0.3090183734893799
1902,-0.587785005569458
1903,-0.8090168833732605
1904,-0.9510564804077148
1905,-1.0
1906,-0.9510570764541626
1907,-0.8090168237686157
1908,-0.5877848863601685
1909,-0.3090164363384247
1910,-1.2079664202246931e-06
1911,0.30901777744293213
1912,0.5877860188484192
1913,0.8090165257453918
1914,0.9510563015937805
1915,1.0
1916,0.9510560631752014
1917,0.8090171813964844
1918,0.5877854228019714
1919,0.3090170621871948
1920,-1.97889789887995e-06
1921,-0.3090171813964844
1922,-0.587785542011261
1923,-0.8090172410011292
1924,-0.9510561227798462
1925,-1.0
1926,-0.9510562419891357
1927,-0.8090164065361023
1928,-0.5877858996391296
1929,-0.3090176582336426
1930,1.351064952359593e-06
1931,0.30901840329170227
1932,0.5877834558486938
1933,0.8090180158615112
1934,0.9510570764541626
1935,1.0
1936,0.9510570764541626
1937,0.8090178966522217
1938,0.5877833366394043
1939,0.30901825428009033
1940,1.184116626973264e-06
1941,-0.30901598930358887
1942,-0.5877875685691833
1943,-0.8090165257453918
1944,-0.9510563015937805
1945,-1.0
1946,-0.9510566592216492
1947,-0.8090171217918396
1948,-0.5877853631973267
1949,-0.30901703238487244
1950,9.539904510802444e-08
1951,0.30901721119880676
1952,0.587785542011261
1953,0.8090173006057739
1954,0.951056718826294
1955,1.0
1956,0.9510562419891357
1957,0.8090164065361023
1958,0.5877843499183655
1959,0.30901944637298584
1960,2.4397825200139778e-06
1961,-0.30901479721069336
1962,-0.5877865552902222
1963,-0.8090180158615112
1964,-0.9510570764541626
1965,-1.0
1966,-0.9510558843612671
1967,-0.8090179562568665
1968,-0.5877863764762878
1969,-0.30901822447776794
1970,-1.1602668337218347e-06
1971,0.30901601910591125
1972,0.5877876281738281
1973,0.8090187907218933
1974,0.9510563015937805
1975,1.0
1976,0.9510565996170044
1977,0.8090171217918396
1978,0.5877853631973267
1979,0.30901700258255005
1980,-1.1924880993774423e-07
1981,-0.30901360511779785
1982,-0.5877824425697327
1983,-0.8090173006057739
1984,-0.951056718826294
1985,-1.0
1986,-0.9510562419891357
1987,-0.8090164065361023
1988,-0.5877843499183655
1989,-0.30901941657066345
1990,-2.4159328404493863e-06
1991,0.30901482701301575
1992,0.5877866148948669
1993,0.8090180158615112
1994,0.9510570764541626
1995,1.0
1996,0.9510570764541626
1997,0.8090178966522217
1998,0.5877863764762878
1999,0.30901819467544556
2000,1.1364171541572432e-06
2001,-0.30901965498924255
2002,-0.5877876281738281
2003,-0.8090165257453918
2004,-0.9510563611984253
2005,-1.0
2006,-0.9510565996170044
2007,-0.8090171217918396
2008,-0.5877853631973267
2009,-0.30901697278022766
2010,3.9577957977599e-06
2011,0.30901363492012024
2012,0.5877856016159058
2013,0.8090173006057739
2014,0.951056718826294
2015,1.0
2016,0.9510562419891357
2017,0.8090164065361023
2018,0.587787389755249
2019,0.30901938676834106
2020,2.3920829335111193e-06
2021,-0.30901846289634705
2022,-0.5877866148948669
2023,-0.809018075466156
2024,-0.9510571360588074
2025,-1.0
2026,-0.9510570168495178
2027,-0.8090178370475769
2028,-0.5877863764762878
2029,-0.30901816487312317
2030,2.702129904719186e-06
2031,0.30901968479156494
2032,0.5877876281738281
2033,0.8090165853500366
2034,0.9510551691055298
2035,1.0
2036,0.9510554671287537
2037,0.8090171217918396
2038,0.5877822637557983
2039,0.3090169429779053
2040,3.647748826551833e-06
2041,-0.30901727080345154
2042,-0.5877825021743774
2043,-0.8090173602104187
2044,-0.9510555267333984
2045,-1.0
2046,-0.9510550498962402
2047,-0.8090163469314575
2048,-0.587787389755249
2049,-0.30901575088500977
2050,-2.368233253946528e-06
2051,0.30901849269866943
2052,0.5877835154533386
2053,0.809018075466156
2054,0.9510583281517029
2055,1.0
2056,0.9510570168495178
2057,0.8090155720710754
2058,0.5877863168716431
2059,0.30901452898979187
2060,1.0887175676543848e-06
2061,-0.30901971459388733
2062,-0.5877845883369446
2063,-0.8090143203735352
2064,-0.9510563611984253
2065,-1.0
2066,-0.9510565996170044
2067,-0.8090148568153381
2068,-0.5877853035926819
2069,-0.3090205490589142
2070,1.9079809021604888e-07
2071,0.3090136647224426
2072,0.5877856016159058
2073,0.809015154838562
2074,0.9510567784309387
2075,1.0
2076,0.951056182384491
2077,0.8090185523033142
2078,0.5877842903137207
2079,0.3090193569660187
2080,-1.4703138049299014e-06
2081,-0.3090148866176605
2082,-0.5877866744995117
2083,-0.8090158700942993
2084,-0.9510571360588074
2085,-1.0
2086,-0.9510558247566223
2087,-0.8090178370475769
2088,-0.5877894163131714
2089,-0.3090181350708008
2090,-4.8795650400279555e-06
2091,0.3090161085128784
2092,0.5877814888954163
2093,0.8090210556983948
2094,0.951057493686676
2095,1.0
2096,0.9510554671287537
2097,0.8090171217918396
2098,0.5877822041511536
2099,0.3090169131755829
2100,-4.029345291201025e-06
2101,-0.3090173304080963
2102,-0.5877887010574341
2103,-0.8090173602104187
2104,-0.9510555863380432
2105,-1.0
2106,-0.9510573744773865
2107,-0.8090162873268127
2108,-0.5877873301506042
2109,-0.309015691280365
2110,-2.3205336674436694e-06
2111,0.3090112805366516
2112,0.5877835750579834
2113,0.8090136051177979
2114,0.9510583281517029
2115,1.0
2116,0.9510546326637268
2117,0.8090155720710754
2118,0.5877863168716431
2119,0.3090144693851471
2120,1.041018094838364e-06
2121,-0.3090197443962097
2122,-0.5877845883369446
2123,-0.8090188503265381
2124,-0.9510563611984253
2125,-1.0
2126,-0.9510565996170044
2127,-0.8090193271636963
2128,-0.5877852439880371
2129,-0.3090205192565918
2130,2.3849761987548845e-07
2131,0.3090137243270874
2132,0.5877794623374939
2133,0.8090196251869202
2134,0.9510543942451477
2135,1.0
2136,0.951056182384491
2137,0.809014081954956
2138,0.5877842307090759
2139,0.3090192973613739
2140,-1.518013277745922e-06
2141,-0.3090149164199829
2142,-0.5877866744995117
2143,-0.8090158700942993
2144,-0.9510571360588074
2145,-1.0
2146,-0.9510558247566223
2147,-0.8090178370475769
2148,-0.5877893567085266
2149,-0.309018075466156
2150,-4.8318656808987726e-06
2151,0.3090234100818634
2152,0.587781548500061
2153,0.8090210556983948
2154,0.951057493686676
2155,1.0
2156,0.9510554075241089
2157,0.8090170621871948
2158,0.5877821445465088
2159,0.3090168535709381
2160,-4.077044650330208e-06
2161,-0.3090173602104187
2162,-0.5877825617790222
2163,-0.8090173602104187
2164,-0.9510555863380432
2165,-1.0
2166,-0.9510573744773865
2167,-0.8090162873268127
2168,-0.5877872705459595
2169,-0.3090229034423828
2170,-2.2728343083144864e-06
2171,0.3090113401412964
2172,0.58778977394104
2173,0.8090181350708008
2174,0.9510583281517029
2175,1.0
2176,0.9510570168495178
2177,0.8090155720710754
2178,0.5877862572669983
2179,0.3090144395828247
2180,9.933185083355056e-07
2181,-0.3090198040008545
2182,-0.5877846479415894
2183,-0.8090143799781799
2184,-0.9510563611984253
2185,-1.0
2186,-0.9510565996170044
2187,-0.8090193271636963
2188,-0.5877852439880371
2189,-0.309020459651947
2190,7.9155915955198e-06
2191,0.3090210258960724
2192,0.5877795219421387
2193,0.8090196251869202
2194,0.9510567784309387
2195,1.0
2196,0.0
2197,0.30901700258255005
2198,0.5877852439880371
2199,0.80901700258255
2200,0.9510565400123596
2201,1.0
2202,0.9510564804077148
2203,0.8090168833732605
2204,0.5877851843833923
2205,0.30901703238487244
2206,1.5099580252808664e-07
2207,-0.30901697278022766
2208,-0.5877853631973267
2209,-0.8090171217918396
2210,-0.9510565996170044
2211,-1.0
2212,-0.9510564804077148
2213,-0.8090168237686157
2214,-0.5877853035926819
2215,-0.3090173900127411
2216,-3.019916050561733e-07
2217,0.3090168237686157
2218,0.5877852439880371
2219,0.8090170621871948
2220,0.9510565400123596
2221,1.0
2222,0.9510564208030701
2223,0.8090165853500366
2224,0.5877846479415894
2225,0.3090170919895172
2226,-2.384976127700611e-08
2227,-0.309017151594162
2228,-0.5877854824066162
2229,-0.8090172410011292
2230,-0.951056718826294
2231,-1.0
2232,-0.9510565400123596
2233,-0.80901700258255
2234,-0.5877859592437744
2235,-0.30901679396629333
2236,-6.039832101123466e-07
2237,0.30901744961738586
2238,0.5877849459648132
2239,0.8090174198150635
2240,0.9510564804077148
2241,1.0
2242,0.9510564804077148
2243,0.8090174198150635
2244,0.5877848863601685
2245,0.3090173900127411
2246,-6.755324761797965e-07
2247,-0.3090159296989441
2248,-0.5877860188484192
2249,-0.8090165257453918
2250,-0.9510568976402283
2251,-1.0
2252,-0.9510560631752014
2253,-0.8090171813964844
2254,-0.5877854228019714
2255,-0.3090170621871948
2256,4.769952255401222e-08
2257,0.309017151594162
2258,0.5877854824066162
2259,0.8090172410011292
2260,0.951056718826294
2261,1.0
2262,0.9510562419891357
2263,0.8090164661407471
2264,0.5877844095230103
2265,0.3090176582336426
2266,5.801334168609174e-07
2267,-0.3090183734893799
2268,-0.587785005569458
2269,-0.8090168833732605
2270,-0.9510564804077148
2271,-1.0
2272,-0.9510570764541626
2273,-0.8090168237686157
2274,-0.5877848863601685
2275,-0.3090164363384247
2276,-1.2079664202246931e-06
2277,0.30901777744293213
2278,0.5877860188484192
2279,0.8090165257453918
2280,0.9510563015937805
2281,1.0
2282,0.9510560631752014
2283,0.8090171813964844
2284,0.5877854228019714
2285,0.3090170621871948
2286,-1.97889789887995e-06
2287,-0.3090171813964844
2288,-0.587785542011261
2289,-0.8090172410011292
2290,-0.9510561227798462
2291,-1.0
2292,-0.9510562419891357
2293,-0.8090164065361023
2294,-0.5877858996391296
2295,-0.3090176582336426
2296,1.351064952359593e-06
2297,0.30901840329170227
2298,0.5877834558486938
2299,0.8090180158615112
2300,0.9510570764541626
2301,1.0
2302,0.9510570764541626
2303,0.8090178966522217
2304,0.5877833366394043
2305,0.30901825428009033
2306,1.184116626973264e-06
2307,-0.30901598930358887
2308,-0.5877875685691833
2309,-0.8090165257453918
2310,-0.9510563015937805
2311,-1.0
2312,-0.9510566592216492
2313,-0.8090171217918396
2314,-0.5877853631973267
2315,-0.30901703238487244
2316,9.539904510802444e-08
2317,0.30901721119880676
2318,0.587785542011261
2319,0.8090173006057739
2320,0.951056718826294
2321,1.0
2322,0.9510562419891357
2323,0.8090164065361023
2324,0.5877843499183655
2325,0.30901944637298584
2326,2.4397825200139778e-06
2327,-0.30901479721069336
2328,-0.5877865552902222
2329,-0.8090180158615112
2330,-0.9510570764541626
2331,-1.0
2332,-0.9510558843612671
2333,-0.8090179562568665
2334,-0.5877863764762878
2335,-0.30901822447776794
2336,-1.1602668337218347e-06
2337,0.30901601910591125
2338,0.5877876281738281
2339,0.8090187907218933
2340,0.9510563015937805
2341,1.0
2342,0.9510565996170044
2343,0.8090171217918396
2344,0.5877853631973267
2345,0.30901700258255005
2346,-1.1924880993774423e-07
2347,-0.30901360511779785
2348,-0.5877824425697327
2349,-0.8090173006057739
2350,-0.951056718826294
2351,-1.0
2352,-0.9510562419891357
2353,-0.8090164065361023
2354,-0.5877843499183655
2355,-0.30901941657066345
2356,-2.4159328404493863e-06
2357,0.30901482701301575
2358,0.5877866148948669
2359,0.8090180158615112
2360,0.9510570764541626
2361,1.0
2362,0.9510570764541626
2363,0.8090178966522217
2364,0.5877863764762878
2365,0.30901819467544556
2366,1.1364171541572432e-06
2367,-0.30901965498924255
2368,-0.5877876281738281
2369,-0.8090165257453918
2370,-0.9510563611984253
2371,-1.0
2372,-0.9510565996170044
2373,-0.8090171217918396
2374,-0.5877853631973267
2375,-0.30901697278022766
2376,3.9577957977599e-06
2377,0.30901363492012024
2378,0.5877856016159058
2379,0.8090173006057739
2380,0.951056718826294
2381,1.0
2382,0.9510562419891357
2383,0.8090164065361023
2384,0.587787389755249
2385,0.30901938676834106
2386,2.3920829335111193e-06
2387,-0.30901846289634705
2388,-0.5877866148948669
2389,-0.809018075466156
2390,-0.9510571360588074
2391,-1.0
2392,-0.9510570168495178
2393,-0.8090178370475769
2394,-0.5877863764762878
2395,-0.30901816487312317
2396,2.702129904719186e-06
2397,0.30901968479156494
2398,0.5877876281738281
2399,0.8090165853500366
2400,0.9510551691055298
2401,1.0
2402,0.9510554671287537
2403,0.8090171217918396
2404,0.5877822637557983
2405,0.3090169429779053
2406,3.647748826551833e-06
2407,-0.30901727080345154
2408,-0.5877825021743774
2409,-0.8090173602104187
2410,-0.9510555267333984
2411,-1.0
2412,-0.9510550498962402
2413,-0.8090163469314575
2414,-0.587787389755249
2415,-0.30901575088500977
2416,-2.368233253946528e-06
2417,0.30901849269866943
2418,0.5877835154533386
2419,0.809018075466156
2420,0.9510583281517029
2421,1.0
2422,0.9510570168495178
2423,0.8090155720710754
2424,0.5877863168716431
2425,0.30901452898979187
2426,1.0887175676543848e-06
2427,-0.30901971459388733
2428,-0.5877845883369446
2429,-0.8090143203735352
2430,-0.9510563611984253
2431,-1.0
2432,-0.9510565996170044
2433,-0.8090148568153381
2434,-0.5877853035926819
2435,-0.3090205490589142
2436,1.9079809021604888e-07
2437,0.3090136647224426
2438,0.5877856016159058
2439,0.809015154838562
2440,0.9510567784309387
2441,1.0
2442,0.951056182384491
2443,0.8090185523033142
2444,0.5877842903137207
2445,0.3090193569660187
2446,-1.4703138049299014e-06
2447,-0.3090148866176605
2448,-0.5877866744995117
2449,-0.8090158700942993
2450,-0.9510571360588074
2451,-1.0
2452,-0.9510558247566223
2453,-0.8090178370475769
2454,-0.5877894163131714
2455,-0.3090181350708008
2456,-4.8795650400279555e-06
2457,0.3090161085128784
2458,0.5877814888954163
2459,0.8090210556983948
2460,0.951057493686676
2461,1.0
2462,0.9510554671287537
2463,0.8090171217918396
2464,0.5877822041511536
2465,0.3090169131755829
2466,-4.029345291201025e-06
2467,-0.3090173304080963
2468,-0.5877887010574341
2469,-0.8090173602104187
2470,-0.9510555863380432
2471,-1.0
2472,-0.9510573744773865
2473,-0.8090162873268127
2474,-0.5877873301506042
2475,-0.309015691280365
2476,-2.3205336674436694e-06
2477,0.3090112805366516
2478,0.5877835750579834
2479,0.8090136051177979
2480,0.9510583281517029
2481,1.0
2482,0.9510546326637268
2483,0.8090155720710754
2484,0.5877863168716431
2485,0.3090144693851471
2486,1.041018094838364e-06
2487,-0.3090197443962097
2488,-0.5877845883369446
2489,-0.8090188503265381
2490,-0.9510563611984253
2491,-1.0
2492,-0.9510565996170044
2493,-0.8090193271636963
2494,-0.5877852439880371
2495,-0.3090205192565918
2496,2.3849761987548845e-07
2497,0.3090137243270874
2498,0.5877794623374939
2499,0.8090196251869202
2500,0.9510543942451477
2501,1.0
2502,0.951056182384491
2503,0.809014081954956
2504,0.5877842307090759
2505,0.3090192973613739
2506,-1.518013277745922e-06
2507,-0.3090149164199829
2508,-0.5877866744995117
2509,-0.8090158700942993
2510,-0.9510571360588074
2511,-1.0
2512,-0.9510558247566223
2513,-0.8090178370475769
2514,-0.5877893567085266
2515,-0.309018075466156
2516,-4.8318656808987726e-06
2517,0.3090234100818634
2518,0.587781548500061
2519,0.8090210556983948
2520,0.951057493686676
2521,1.0
2522,0.9510554075241089
2523,0.8090170621871948
2524,0.5877821445465088
2525,0.3090168535709381
2526,-4.077044650330208e-06
2527,-0.3090173602104187
2528,-0.5877825617790222
2529,-0.8090173602104187
2530,-0.9510555863380432
2531,-1.0
2532,-0.9510573744773865
2533,-0.8090162873268127
2534,-0.5877872705459595
2535,-0.3090229034423828
2536,-2.2728343083144864e-06
2537,0.3090113401412964
2538,0.58778977394104
2539,0.8090181350708008
2540,0.9510583281517029
2541,1.0
2542,0.9510570168495178
2543,0.8090155720710754
2544,0.5877862572669983
2545,0.3090144395828247
2546,9.933185083355056e-07
2547,-0.3090198040008545
2548,-0.5877846479415894
2549,-0.8090143799781799
2550,-0.9510563611984253
2551,-1.0
2552,-0.9510565996170044
2553,-0.8090193271636963
2554,-0.5877852439880371
2555,-0.309020459651947
2556,7.9155915955198e-06
2557,0.3090210258960724
2558,0.5877795219421387
2559,0.8090196251869202
2560,0.9510567784309387
2561,1.0
2562,0.0
2563,0.30901700258255005
2564,0.5877852439880371
2565,0.80901700258255
2566,0.9510565400123596
2567,1.0
2568,0.9510564804077148
2569,0.8090168833732605
2570,0.5877851843833923
2571,0.30901703238487244
2572,1.5099580252808664e-07
2573,-0.30901697278022766
2574,-0.5877853631973267
2575,-0.8090171217918396
2576,-0.9510565996170044
2577,-1.0
2578,-0.9510564804077148
2579,-0.8090168237686157
2580,-0.5877853035926819
2581,-0.3090173900127411
2582,-3.019916050561733e-07
2583,0.3090168237686157
2584,0.5877852439880371
2585,0.8090170621871948
2586,0.9510565400123596
2587,1.0
2588,0.9510564208030701
2589,0.8090165853500366
2590,0.5877846479415894
2591,0.3090170919895172
2592,-2.384976127700611e-08
2593,-0.309017151594162
2594,-0.5877854824066162
2595,-0.8090172410011292
2596,-0.951056718826294
2597,-1.0
2598,-0.9510565400123596
2599,-0.80901700258255
2600,-0.5877859592437744
2601,-0.30901679396629333
2602,-6.039832101123466e-07
2603,0.30901744961738586
2604,0.5877849459648132
2605,0.8090174198150635
2606,0.9510564804077148
2607,1.0
2608,0.9510564804077148
2609,0.8090174198150635
2610,0.5877848863601685
2611,0.3090173900127411
2612,-6.755324761797965e-07
2613,-0.3090159296989441
2614,-0.5877860188484192
2615,-0.8090165257453918
2616,-0.9510568976402283
2617,-1.0
2618,-0.9510560631752014
2619,-0.8090171813964844
2620,-0.5877854228019714
2621,-0.3090170621871948
2622,4.769952255401222e-08
2623,0.309017151594162
2624,0.5877854824066162
2625,0.8090172410011292
2626,0.951056718826294
2627,1.0
2628,0.9510562419891357
2629,0.8090164661407471
2630,0.5877844095230103
2631,0.3090176582336426
2632,5.801334168609174e-07
2633,-0.3090183734893799
2634,-0.587785005569458
2635,-0.8090168833732605
2636,-0.9510564804077148
2637,-1.0
2638,-0.9510570764541626
2639,-0.8090168237686157
2640,-0.5877848863601685
2641,-0.3090164363384247
2642,-1.2079664202246931e-06
2643,0.30901777744293213
2644,0.5877860188484192
2645,0.8090165257453918
2646,0.9510563015937805
2647,1.0
2648,0.9510560631752014
2649,0.8090171813964844
2650,0.5877854228019714
2651,0.3090170621871948
2652,-1.97889789887995e-06
2653,-0.3090171813964844
2654,-0.587785542011261
2655,-0.8090172410011292
2656,-0.9510561227798462
2657,-1.0
2658,-0.9510562419891357
2659,-0.8090164065361023
2660,-0.5877858996391296
2661,-0.3090176582336426
2662,1.351064952359593e-06
2663,0.30901840329170227
2664,0.5877834558486938
2665,0.8090180158615112
2666,0.9510570764541626
2667,1.0
2668,0.9510570764541626
2669,0.8090178966522217
2670,0.5877833366394043
2671,0.30901825428009033
2672,1.184116626973264e-06
2673,-0.30901598930358887
2674,-0.5877875685691833
2675,-0.8090165257453918
2676,-0.9510563015937805
2677,-1.0
2678,-0.9510566592216492
2679,-0.8090171217918396
2680,-0.5877853631973267
2681,-0.30901703238487244
2682,9.539904510802444e-08
2683,0.30901721119880676
2684,0.587785542011261
2685,0.8090173006057739
2686,0.951056718826294
2687,1.0
2688,0.9510562419891357
2689,0.8090164065361023
2690,0.5877843499183655
2691,0.30901944637298584
2692,2.4397825200139778e-06
2693,-0.30901479721069336
2694,-0.5877865552902222
2695,-0.8090180158615112
2696,-0.9510570764541626
2697,-1.0
2698,-0.9510558843612671
2699,-0.8090179562568665
2700,-0.5877863764762878
2701,-0.30901822447776794
2702,-1.1602668337218347e-06
2703,0.30901601910591125
2704,0.5877876281738281
2705,0.8090187907218933
2706,0.9510563015937805
2707,1.0
2708,0.9510565996170044
2709,0.8090171217918396
2710,0.5877853631973267
2711,0.30901700258255005
2712,-1.1924880993774423e-07
2713,-0.30901360511779785
2714,-0.5877824425697327
2715,-0.8090173006057739
2716,-0.951056718826294
2717,-1.0
2718,-0.9510562419891357
2719,-0.8090164065361023
2720,-0.5877843499183655
2721,-0.30901941657066345
2722,-2.4159328404493863e-06
2723,0.30901482701301575
2724,0.5877866148948669
2725,0.8090180158615112
2726,0.9510570764541626
2727,1.0
2728,0.9510570764541626
2729,0.8090178966522217
2730,0.5877863764762878
2731,0.30901819467544556
2732,1.1364171541572432e-06
2733,-0.30901965498924255
2734,-0.5877876281738281
2735,-0.8090165257453918
2736,-0.9510563611984253
2737,-1.0
2738,-0.9510565996170044
2739,-0.8090171217918396
2740,-0.5877853631973267
2741,-0.30901697278022766
2742,3.9577957977599e-06
2743,0.30901363492012024
2744,0.5877856016159058
2745,0.8090173006057739
2746,0.951056718826294
2747,1.0
2748,0.9510562419891357
2749,0.8090164065361023
2750,0.587787389755249
2751,0.30901938676834106
2752,2.3920829335111193e-06
2753,-0.30901846289634705
2754,-0.5877866148948669
2755,-0.809018075466156
2756,-0.9510571360588074
2757,-1.0
2758,-0.9510570168495178
2759,-0.8090178370475769
2760,-0.5877863764762878
2761,-0.30901816487312317
2762,2.702129904719186e-06
2763,0.30901968479156494
2764,0.5877876281738281
2765,0.8090165853500366
2766,0.9510551691055298
2767,1.0
2768,0.9510554671287537
2769,0.8090171217918396
2770,0.5877822637557983
2771,0.3090169429779053
2772,3.647748826551833e-06
2773,-0.30901727080345154
2774,-0.5877825021743774
2775,-0.8090173602104187
2776,-0.9510555267333984
2777,-1.0
2778,-0.9510550498962402
2779,-0.8090163469314575
2780,-0.587787389755249
2781,-0.30901575088500977
2782,-2.368233253946528e-06
2783,0.30901849269866943
2784,0.5877835154533386
2785,0.809018075466156
2786,0.9510583281517029
2787,1.0
2788,0.9510570168495178
2789,0.8090155720710754
2790,0.5877863168716431
2791,0.30901452898979187
2792,1.0887175676543848e-06
2793,-0.30901971459388733
2794,-0.5877845883369446
2795,-0.8090143203735352
2796,-0.9510563611984253
2797,-1.0
2798,-0.9510565996170044
2799,-0.8090148568153381
2800,-0.5877853035926819
2801,-0.3090205490589142
2802,1.9079809021604888e-07
2803,0.3090136647224426
2804,0.5877856016159058
2805,0.809015154838562
2806,0.9510567784309387
2807,1.0
2808,0.951056182384491
2809,0.8090185523033142
2810,0.5877842903137207
2811,0.3090193569660187
2812,-1.4703138049299014e-06
2813,-0.3090148866176605
2814,-0.5877866744995117
2815,-0.8090158700942993
2816,-0.9510571360588074
2817,-1.0
2818,-0.9510558247566223
2819,-0.8090178370475769
2820,-0.5877894163131714
2821,-0.3090181350708008
2822,-4.8795650400279555e-06
2823,0.3090161085128784
2824,0.5877814888954163
2825,0.8090210556983948
2826,0.951057493686676
2827,1.0
2828,0.9510554671287537
2829,0.8090171217918396
2830,0.5877822041511536
2831,0.3090169131755829
2832,-4.029345291201025e-06
2833,-0.3090173304080963
2834,-0.5877887010574341
2835,-0.8090173602104187
2836,-0.9510555863380432
2837,-1.0
2838,-0.9510573744773865
2839,-0.8090162873268127
2840,-0.5877873301506042
2841,-0.309015691280365
2842,-2.3205336674436694e-06
2843,0.3090112805366516
2844,0.5877835750579834
2845,0.8090136051177979
2846,0.9510583281517029
2847,1.0
2848,0.9510546326637268
2849,0.8090155720710754
2850,0.5877863168716431
2851,0.3090144693851471
2852,1.041018094838364e-06
2853,-0.3090197443962097
2854,-0.5877845883369446
2855,-0.8090188503265381
2856,-0.9510563611984253
2857,-1.0
2858,-0.9510565996170044
2859,-0.8090193271636963
2860,-0.5877852439880371
2861,-0.3090205192565918
2862,2.3849761987548845e-07
2863,0.3090137243270874
2864,0.5877794623374939
2865,0.8090196251869202
2866,0.9510543942451477
2867,1.0
2868,0.951056182384491
2869,0.809014081954956
2870,0.5877842307090759
2871,0.3090192973613739
2872,-1.518013277745922e-06
2873,-0.3090149164199829
2874,-0.5877866744995117
2875,-0.8090158700942993
2876,-0.9510571360588074
2877,-1.0
2878,-0.9510558247566223
2879,-0.8090178370475769
2880,-0.5877893567085266
2881,-0.309018075466156
2882,-4.8318656808987726e-06
2883,0.3090234100818634
2884,0.587781548500061
2885,0.8090210556983948
2886,0.951057493686676
2887,1.0
2888,0.9510554075241089
2889,0.8090170621871948
2890,0.5877821445465088
2891,0.3090168535709381
2892,-4.077044650330208e-06
2893,-0.3090173602104187
2894,-0.5877825617790222
2895,-0.8090173602104187
2896,-0.9510555863380432
2897,-1.0
2898,-0.9510573744773865
2899,-0.8090162873268127
2900,-0.5877872705459595
2901,-0.3090229034423828
2902,-2.2728343083144864e-06
2903,0.3090113401412964
2904,0.58778977394104
2905,0.8090181350708008
2906,0.9510583281517029
2907,1.0
2908,0.9510570168495178
2909,0.8090155720710754
2910,0.5877862572669983
2911,0.3090144395828247
2912,9.933185083355056e-07
2913,-0.3090198040008545
2914,-0.5877846479415894
2915,-0.8090143799781799
2916,-0.9510563611984253
2917,-1.0
2918,-0.9510565996170044
2919,-0.8090193271636963
2920,-0.5877852439880371
2921,-0.309020459651947
2922,7.9155915955198e-06
2923,0.3090210258960724
2924,0.5877795219421387
2925,0.8090196251869202
2926,0.9510567784309387
2927,1.0
2928,0.0
2929,0.30901700258255005
2930,0.5877852439880371
2931,0.80901700258255
2932,0.9510565400123596
2933,1.0
2934,0.9510564804077148
2935,0.8090168833732605
2936,0.5877851843833923
2937,0.30901703238487244
2938,1.5099580252808664e-07
2939,-0.30901697278022766
2940,-0.5877853631973267
2941,-0.8090171217918396
2942,-0.9510565996170044
2943,-1.0
2944,-0.9510564804077148
2945,-0.8090168237686157
2946,-0.5877853035926819
2947,-0.3090173900127411
2948,-3.019916050561733e-07
2949,0.3090168237686157
2950,0.5877852439880371
2951,0.8090170621871948
2952,0.9510565400123596
2953,1.0
2954,0.9510564208030701
2955,0.8090165853500366
2956,0.5877846479415894
2957,0.3090170919895172
2958,-2.384976127700611e-08
2959,-0.309017151594162
2960,-0.5877854824066162
2961,-0.8090172410011292
2962,-0.951056718826294
2963,-1.0
2964,-0.9510565400123596
2965,-0.80901700258255
2966,-0.5877859592437744
2967,-0.30901679396629333
2968,-6.039832101123466e-07
2969,0.30901744961738586
2970,0.5877849459648132
2971,0.8090174198150635
2972,0.9510564804077148
2973,1.0
2974,0.9510564804077148
2975,0.8090174198150635
2976,0.5877848863601685
2977,0.3090173900127411
2978,-6.755324761797965e-07
2979,-0.3090159296989441
2980,-0.5877860188484192
2981,-0.8090165257453918
2982,-0.9510568976402283
2983,-1.0
2984,-0.9510560631752014
2985,-0.8090171813964844
2986,-0.5877854228019714
2987,-0.3090170621871948
2988,4.769952255401222e-08
2989,0.309017151594162
2990,0.5877854824066162
2991,0.8090172410011292
2992,0.951056718826294
2993,1.0
2994,0.9510562419891357
2995,0.8090164661407471
2996,0.5877844095230103
2997,0.3090176582336426
2998,5.801334168609174e-07
2999,-0.3090183734893799
3000,-0.587785005569458
3001,-0.8090168833732605
3002,-0.9510564804077148
3003,-1.0
3004,-0.9510570764541626
3005,-0.8090168237686157
3006,-0.5877848863601685
3007,-0.3090164363384247
3008,-1.2079664202246931e-06
3009,0.30901777744293213
3010,0.5877860188484192
3011,0.8090165257453918
3012,0.9510563015937805
3013,1.0
3014,0.9510560631752014
3015,0.8090171813964844
3016,0.5877854228019714
3017,0.3090170621871948
3018,-1.97889789887995e-06
3019,-0.3090171813964844
3020,-0.587785542011261
3021,-0.8090172410011292
3022,-0.9510561227798462
3023,-1.0
3024,-0.9510562419891357
3025,-0.8090164065361023
3026,-0.5877858996391296
3027,-0.3090176582336426
3028,1.351064952359593e-06
3029,0.30901840329170227
3030,0.5877834558486938
3031,0.8090180158615112
3032,0.9510570764541626
3033,1.0
3034,0.9510570764541626
3035,0.8090178966522217
3036,0.5877833366394043
3037,0.30901825428009033
3038,1.184116626973264e-06
3039,-0.30901598930358887
3040,-0.5877875685691833
3041,-0.8090165257453918
3042,-0.9510563015937805
3043,-1.0
3044,-0.9510566592216492
3045,-0.8090171217918396
3046,-0.5877853631973267
3047,-0.30901703238487244
3048,9.539904510802444e-08
3049,0.30901721119880676
3050,0.587785542011261
3051,0.8090173006057739
3052,0.951056718826294
3053,1.0
3054,0.9510562419891357
3055,0.8090164065361023
3056,0.5877843499183655
3057,0.30901944637298584
3058,2.4397825200139778e-06
3059,-0.30901479721069336
3060,-0.5877865552902222
3061,-0.8090180158615112
3062,-0.9510570764541626
3063,-1.0
3064,-0.9510558843612671
3065,-0.8090179562568665
3066,-0.5877863764762878
3067,-0.30901822447776794
3068,-1.1602668337218347e-06
3069,0.30901601910591125
3070,0.5877876281738281
3071,0.8090187907218933
3072,0.9510563015937805
3073,1.0
3074,0.9510565996170044
3075,0.8090171217918396
3076,0.5877853631973267
3077,0.30901700258255005
3078,-1.1924880993774423e-07
3079,-0.30901360511779785
3080,-0.5877824425697327
3081,-0.8090173006057739
3082,-0.951056718826294
3083,-1.0
3084,-0.9510562419891357
3085,-0.8090164065361023
3086,-0.5877843499183655
3087,-0.30901941657066345
3088,-2.4159328404493863e-06
3089,0.30901482701301575
3090,0.5877866148948669
3091,0.8090180158615112
3092,0.9510570764541626
3093,1.0
3094,0.9510570764541626
3095,0.8090178966522217
3096,0.5877863764762878
3097,0.30901819467544556
3098,1.1364171541572432e-06
3099,-0.30901965498924255
3100,-0.5877876281738281
3101,-0.8090165257453918
3102,-0.9510563611984253
3103,-1.0
3104,-0.9510565996170044
3105,-0.8090171217918396
3106,-0.5877853631973267
3107,-0.30901697278022766
3108,3.9577957977599e-06
3109,0.30901363492012024
3110,0.5877856016159058
3111,0.8090173006057739
3112,0.951056718826294
3113,1.0
3114,0.9510562419891357
3115,0.8090164065361023
3116,0.587787389755249
3117,0.30901938676834106
3118,2.3920829335111193e-06
3119,-0.30901846289634705
3120,-0.5877866148948669
3121,-0.809018075466156
3122,-0.9510571360588074
3123,-1.0
3124,-0.9510570168495178
3125,-0.8090178370475769
3126,-0.5877863764762878
3127,-0.30901816487312317
3128,2.702129904719186e-06
3129,0.30901968479156494
3130,0.5877876281738281
3131,0.8090165853500366
3132,0.9510551691055298
3133,1.0
3134,0.9510554671287537
3135,0.8090171217918396
3136,0.5877822637557983
3137,0.3090169429779053
3138,3.647748826551833e-06
3139,-0.30901727080345154
3140,-0.5877825021743774
3141,-0.8090173602104187
3142,-0.9510555267333984
3143,-1.0
3144,-0.9510550498962402
3145,-0.8090163469314575
3146,-0.587787389755249
3147,-0.30901575088500977
3148,-2.368233253946528e-06
3149,0.30901849269866943
3150,0.5877835154533386
3151,0.809018075466156
3152,0.9510583281517029
3153,1.0
3154,0.9510570168495178
3155,0.8090155720710754
3156,0.5877863168716431
3157,0.30901452898979187
3158,1.0887175676543848e-06
3159,-0.30901971459388733
3160,-0.5877845883369446
3161,-0.8090143203735352
3162,-0.9510563611984253
3163,-1.0
3164,-0.9510565996170044
3165,-0.8090148568153381
3166,-0.5877853035926819
3167,-0.3090205490589142
3168,1.9079809021604888e-07
3169,0.3090136647224426
3170,0.5877856016159058
3171,0.809015154838562
3172,0.9510567784309387
3173,1.0
3174,0.951056182384491
3175,0.8090185523033142
3176,0.5877842903137207
3177,0.3090193569660187
3178,-1.4703138049299014e-06
3179,-0.3090148866176605
3180,-0.5877866744995117
3181,-0.8090158700942993
3182,-0.9510571360588074
3183,-1.0
3184,-0.9510558247566223
3185,-0.8090178370475769
3186,-0.5877894163131714
3187,-0.3090181350708008
3188,-4.8795650400279555e-06
3189,0.3090161085128784
3190,0.5877814888954163
3191,0.8090210556983948
3192,0.951057493686676
3193,1.0
3194,0.9510554671287537
3195,0.8090171217918396
3196,0.5877822041511536
3197,0.3090169131755829
3198,-4.029345291201025e-06
3199,-0.3090173304080963
3200,-0.5877887010574341
3201,-0.8090173602104187
3202,-0.9510555863380432
3203,-1.0
3204,-0.9510573744773865
3205,-0.8090162873268127
3206,-0.5877873301506042
3207,-0.309015691280365
3208,-2.3205336674436694e-06
3209,0.3090112805366516
3210,0.5877835750579834
3211,0.8090136051177979
3212,0.9510583281517029
3213,1.0
3214,0.9510546326637268
3215,0.8090155720710754
3216,0.5877863168716431
3217,0.3090144693851471
3218,1.041018094838364e-06
3219,-0.3090197443962097
3220,-0.5877845883369446
3221,-0.8090188503265381
3222,-0.9510563611984253
3223,-1.0
3224,-0.9510565996170044
3225,-0.8090193271636963
3226,-0.5877852439880371
3227,-0.3090205192565918
3228,2.3849761987548845e-07
3229,0.3090137243270874
3230,0.5877794623374939
3231,0.8090196251869202
3232,0.9510543942451477
3233,1.0
3234,0.951056182384491
3235,0.809014081954956
3236,0.5877842307090759
3237,0.3090192973613739
3238,-1.518013277745922e-06
3239,-0.3090149164199829
3240,-0.5877866744995117
3241,-0.8090158700942993
3242,-0.9510571360588074
3243,-1.0
3244,-0.9510558247566223
3245,-0.8090178370475769
3246,-0.5877893567085266
3247,-0.309018075466156
3248,-4.8318656808987726e-06
3249,0.3090234100818634
3250,0.587781548500061
3251,0.8090210556983948
3252,0.951057493686676
3253,1.0
3254,0.9510554075241089
3255,0.8090170621871948
3256,0.5877821445465088
3257,0.3090168535709381
3258,-4.077044650330208e-06
3259,-0.3090173602104187
3260,-0.5877825617790222
3261,-0.8090173602104187
3262,-0.9510555863380432
3263,-1.0
3264,-0.9510573744773865
3265,-0.8090162873268127
3266,-0.5877872705459595
3267,-0.3090229034423828
3268,-2.2728343083144864e-06
3269,0.3090113401412964
3270,0.58778977394104
3271,0.8090181350708008
3272,0.9510583281517029
3273,1.0
3274,0.9510570168495178
3275,0.8090155720710754
3276,0.5877862572669983
3277,0.3090144395828247
3278,9.933185083355056e-07
3279,-0.3090198040008545
3280,-0.5877846479415894
3281,-0.8090143799781799
3282,-0.9510563611984253
3283,-1.0
3284,-0.9510565996170044
3285,-0.8090193271636963
3286,-0.5877852439880371
3287,-0.309020459651947
3288,7.9155915955198e-06
3289,0.3090210258960724
3290,0.5877795219421387
3291,0.8090196251869202
3292,0.9510567784309387
3293,1.0
3294,0.0
3295,0.30901700258255005
3296,0.5877852439880371
3297,0.80901700258255
3298,0.9510565400123596
3299,1.0
3300,0.9510564804077148
3301,0.8090168833732605
3302,0.5877851843833923
3303,0.30901703238487244
3304,1.5099580252808664e-07
3305,-0.30901697278022766
3306,-0.5877853631973267
3307,-0.8090171217918396
3308,-0.9510565996170044
3309,-1.0
3310,-0.9510564804077148
3311,-0.8090168237686157
3312,-0.5877853035926819
3313,-0.3090173900127411
3314,-3.019916050561733e-07
3315,0.3090168237686157
3316,0.5877852439880371
3317,0.8090170621871948
3318,0.9510565400123596
3319,1.0
3320,0.9510564208030701
3321,0.8090165853500366
3322,0.5877846479415894
3323,0.3090170919895172
3324,-2.384976127700611e-08
3325,-0.309017151594162
3326,-0.5877854824066162
3327,-0.8090172410011292
3328,-0.951056718826294
3329,-1.0
3330,-0.9510565400123596
3331,-0.80901700258255
3332,-0.5877859592437744
3333,-0.30901679396629333
3334,-6.039832101123466e-07
3335,0.30901744961738586
3336,0.5877849459648132
3337,0.8090174198150635
3338,0.9510564804077148
3339,1.0
3340,0.9510564804077148
3341,0.8090174198150635
3342,0.5877848863601685
3343,0.3090173900127411
3344,-6.755324761797965e-07
3345,-0.3090159296989441
3346,-0.5877860188484192
3347,-0.8090165257453918
3348,-0.9510568976402283
3349,-1.0
3350,-0.9510560631752014
3351,-0.8090171813964844
3352,-0.5877854228019714
3353,-0.3090170621871948
3354,4.769952255401222e-08
3355,0.309017151594162
3356,0.5877854824066162
3357,0.8090172410011292
3358,0.951056718826294
3359,1.0
3360,0.9510562419891357
3361,0.8090164661407471
3362,0.5877844095230103
3363,0.3090176582336426
3364,5.801334168609174e-07
3365,-0.3090183734893799
3366,-0.587785005569458
3367,-0.8090168833732605
3368,-0.9510564804077148
3369,-1.0
3370,-0.9510570764541626
3371,-0.8090168237686157
3372,-0.5877848863601685
3373,-0.3090164363384247
3374,-1.2079664202246931e-06
3375,0.30901777744293213
3376,0.5877860188484192
3377,0.8090165257453918
3378,0.9510563015937805
3379,1.0
3380,0.9510560631752014
3381,0.8090171813964844
3382,0.5877854228019714
3383,0.3090170621871948
3384,-1.97889789887995e-06
3385,-0.3090171813964844
3386,-0.587785542011261
3387,-0.8090172410011292
3388,-0.9510561227798462
3389,-1.0
3390,-0.9510562419891357
3391,-0.8090164065361023
3392,-0.5877858996391296
3393,-0.3090176582336426
3394,1.351064952359593e-06
3395,0.30901840329170227
3396,0.5877834558486938
3397,0.8090180158615112
3398,0.9510570764541626
3399,1.0
3400,0.9510570764541626
3401,0.8090178966522217
3402,0.5877833366394043
3403,0.30901825428009033
3404,1.184116626973264e-06
3405,-0.30901598930358887
3406,-0.5877875685691833
3407,-0.8090165257453918
3408,-0.9510563015937805
3409,-1.0
3410,-0.9510566592216492
3411,-0.8090171217918396
3412,-0.5877853631973267
3413,-0.30901703238487244
3414,9.539904510802444e-08
3415,0.30901721119880676
3416,0.587785542011261
3417,0.8090173006057739
3418,0.951056718826294
3419,1.0
3420,0.9510562419891357
3421,0.8090164065361023
3422,0.5877843499183655
3423,0.30901944637298584
3424,2.4397825200139778e-06
3425,-0.30901479721069336
3426,-0.5877865552902222
3427,-0.8090180158615112
3428,-0.9510570764541626
3429,-1.0
3430,-0.9510558843612671
3431,-0.8090179562568665
3432,-0.5877863764762878
3433,-0.30901822447776794
3434,-1.1602668337218347e-06
3435,0.30901601910591125
3436,0.5877876281738281
3437,0.8090187907218933
3438,0.9510563015937805
3439,1.0
3440,0.9510565996170044
3441,0.8090171217918396
3442,0.5877853631973267
3443,0.30901700258255005
3444,-1.1924880993774423e-07
3445,-0.30901360511779785
3446,-0.5877824425697327
3447,-0.8090173006057739
3448,-0.951056718826294
3449,-1.0
3450,-0.9510562419891357
3451,-0.8090164065361023
3452,-0.5877843499183655
3453,-0.30901941657066345
3454,-2.4159328404493863e-06
3455,0.30901482701301575
3456,0.5877866148948669
3457,0.8090180158615112
3458,0.9510570764541626
3459,1.0
3460,0.9510570764541626
3461,0.8090178966522217
3462,0.5877863764762878
3463,0.30901819467544556
3464,1.1364171541572432e-06
3465,-0.30901965498924255
3466,-0.5877876281738281
3467,-0.8090165257453918
3468,-0.9510563611984253
3469,-1.0
3470,-0.9510565996170044
3471,-0.8090171217918396
3472,-0.5877853631973267
3473,-0.30901697278022766
3474,3.9577957977599e-06
3475,0.30901363492012024
3476,0.5877856016159058
3477,0.8090173006057739
3478,0.951056718826294
3479,1.0
3480,0.9510562419891357
3481,0.8090164065361023
3482,0.587787389755249
3483,0.30901938676834106
3484,2.3920829335111193e-06
3485,-0.30901846289634705
3486,-0.5877866148948669
3487,-0.809018075466156
3488,-0.9510571360588074
3489,-1.0
3490,-0.9510570168495178
3491,-0.8090178370475769
3492,-0.5877863764762878
3493,-0.30901816487312317
3494,2.702129904719186e-06
3495,0.30901968479156494
3496,0.5877876281738281
3497,0.8090165853500366
3498,0.9510551691055298
3499,1.0
3500,0.9510554671287537
3501,0.8090171217918396
3502,0.5877822637557983
3503,0.3090169429779053
3504,3.647748826551833e-06
3505,-0.30901727080345154
3506,-0.5877825021743774
3507,-0.8090173602104187
3508,-0.9510555267333984
3509,-1.0
3510,-0.9510550498962402
3511,-0.8090163469314575
3512,-0.587787389755249
3513,-0.30901575088500977
3514,-2.368233253946528e-06
3515,0.30901849269866943
3516,0.5877835154533386
3517,0.809018075466156
3518,0.9510583281517029
3519,1.0
3520,0.9510570168495178
3521,0.8090155720710754
3522,0.5877863168716431
3523,0.30901452898979187
3524,1.0887175676543848e-06
3525,-0.30901971459388733
3526,-0.5877845883369446
3527,-0.8090143203735352
3528,-0.9510563611984253
3529,-1.0
3530,-0.9510565996170044
3531,-0.8090148568153381
3532,-0.5877853035926819
3533,-0.3090205490589142
3534,1.9079809021604888e-07
3535,0.3090136647224426
3536,0.5877856016159058
3537,0.809015154838562
3538,0.9510567784309387
3539,1.0
3540,0.951056182384491
3541,0.8090185523033142
3542,0.5877842903137207
3543,0.3090193569660187
3544,-1.4703138049299014e-06
3545,-0.3090148866176605
3546,-0.5877866744995117
3547,-0.8090158700942993
3548,-0.9510571360588074
3549,-1.0
3550,-0.9510558247566223
3551,-0.8090178370475769
3552,-0.5877894163131714
3553,-0.3090181350708008
3554,-4.8795650400279555e-06
3555,0.3090161085128784
3556,0.5877814888954163
3557,0.8090210556983948
3558,0.951057493686676
3559,1.0
3560,0.9510554671287537
3561,0.8090171217918396
3562,0.5877822041511536
3563,0.3090169131755829
3564,-4.029345291201025e-06
3565,-0.3090173304080963
3566,-0.5877887010574341
3567,-0.8090173602104187
3568,-0.9510555863380432
3569,-1.0
3570,-0.9510573744773865
3571,-0.8090162873268127
3572,-0.5877873301506042
3573,-0.309015691280365
3574,-2.3205336674436694e-06
3575,0.3090112805366516
3576,0.5877835750579834
3577,0.8090136051177979
3578,0.9510583281517029
3579,1.0
3580,0.9510546326637268
3581,0.8090155720710754
3582,0.5877863168716431
3583,0.3090144693851471
3584,1.041018094838364e-06
3585,-0.3090197443962097
3586,-0.5877845883369446
3587,-0.8090188503265381
3588,-0.9510563611984253
3589,-1.0
3590,-0.9510565996170044
3591,-0.8090193271636963
3592,-0.5877852439880371
3593,-0.3090205192565918
3594,2.3849761987548845e-07
3595,0.3090137243270874
3596,0.5877794623374939
3597,0.8090196251869202
3598,0.9510543942451477
3599,1.0
3600,0.951056182384491
3601,0.809014081954956
3602,0.5877842307090759
3603,0.3090192973613739
3604,-1.518013277745922e-06
3605,-0.3090149164199829
3606,-0.5877866744995117
3607,-0.8090158700942993
3608,-0.9510571360588074
3609,-1.0
3610,-0.9510558247566223
3611,-0.8090178370475769
3612,-0.5877893567085266
3613,-0.309018075466156
3614,-4.8318656808987726e-06
3615,0.3090234100818634
3616,0.587781548500061
3617,0.8090210556983948
3618,0.951057493686676
3619,1.0
3620,0.9510554075241089
3621,0.8090170621871948
3622,0.5877821445465088
3623,0.3090168535709381
3624,-4.077044650330208e-06
3625,-0.3090173602104187
3626,-0.5877825617790222
3627,-0.8090173602104187
3628,-0.9510555863380432
3629,-1.0
3630,-0.9510573744773865
3631,-0.8090162873268127
3632,-0.5877872705459595
3633,-0.3090229034423828
3634,-2.2728343083144864e-06
3635,0.3090113401412964
3636,0.58778977394104
3637,0.8090181350708008
3638,0.9510583281517029
3639,1.0
3640,0.9510570168495178
3641,0.8090155720710754
3642,0.5877862572669983
3643,0.3090144395828247
3644,9.933185083355056e-07
3645,-0.3090198040008545
3646,-0.5877846479415894
3647,-0.8090143799781799
3648,-0.9510563611984253
3649,-1.0
3650,-0.9510565996170044
3651,-0.8090193271636963
3652,-0.5877852439880371
3653,-0.309020459651947
3654,7.9155915955198e-06
3655,0.3090210258960724
3656,0.5877795219421387
3657,0.8090196251869202
3658,0.9510567784309387
3659,1.0
3660,0.0
3661,0.30901700258255005
3662,0.5877852439880371
3663,0.80901700258255
3664,0.9510565400123596
3665,1.0
3666,0.9510564804077148
3667,0.8090168833732605
3668,0.5877851843833923
3669,0.30901703238487244
3670,1.5099580252808664e-07
3671,-0.30901697278022766
3672,-0.5877853631973267
3673,-0.8090171217918396
3674,-0.9510565996170044
3675,-1.0
3676,-0.9510564804077148
3677,-0.8090168237686157
3678,-0.5877853035926819
3679,-0.3090173900127411
3680,-3.019916050561733e-07
3681,0.3090168237686157
3682,0.5877852439880371
3683,0.8090170621871948
3684,0.9510565400123596
3685,1.0
3686,0.9510564208030701
3687,0.8090165853500366
3688,0.5877846479415894
3689,0.3090170919895172
3690,-2.384976127700611e-08
3691,-0.309017151594162
3692,-0.5877854824066162
3693,-0.8090172410011292
3694,-0.951056718826294
3695,-1.0
3696,-0.9510565400123596
3697,-0.80901700258255
3698,-0.5877859592437744
3699,-0.30901679396629333
3700,-6.039832101123466e-07
3701,0.30901744961738586
3702,0.5877849459648132
3703,0.8090174198150635
3704,0.9510564804077148
3705,1.0
3706,0.9510564804077148
3707,0.8090174198150635
3708,0.5877848863601685
3709,0.3090173900127411
3710,-6.755324761797965e-07
3711,-0.3090159296989441
3712,-0.5877860188484192
3713,-0.8090165257453918
3714,-0.9510568976402283
3715,-1.0
3716,-0.9510560631752014
3717,-0.8090171813964844
3718,-0.5877854228019714
3719,-0.3090170621871948
3720,4.769952255401222e-08
3721,0.309017151594162
3722,0.5877854824066162
3723,0.8090172410011292
3724,0.951056718826294
3725,1.0
3726,0.9510562419891357
3727,0.8090164661407471
3728,0.5877844095230103
3729,0.3090176582336426
3730,5.801334168609174e-07
3731,-0.3090183734893799
3732,-0.587785005569458
3733,-0.8090168833732605
3734,-0.9510564804077148
3735,-1.0
3736,-0.9510570764541626
3737,-0.8090168237686157
3738,-0.5877848863601685
3739,-0.3090164363384247
3740,-1.2079664202246931e-06
3741,0.30901777744293213
3742,0.5877860188484192
3743,0.8090165257453918
3744,0.9510563015937805
3745,1.0
3746,0.9510560631752014
3747,0.8090171813964844
3748,0.5877854228019714
3749,0.3090170621871948
3750,-1.97889789887995e-06
3751,-0.3090171813964844
3752,-0.587785542011261
3753,-0.8090172410011292
3754,-0.9510561227798462
3755,-1.0
3756,-0.9510562419891357
3757,-0.8090164065361023
3758,-0.5877858996391296
3759,-0.3090176582336426
3760,1.351064952359593e-06
3761,0.30901840329170227
3762,0.5877834558486938
3763,0.8090180158615112
3764,0.9510570764541626
3765,1.0
3766,0.9510570764541626
3767,0.8090178966522217
3768,0.5877833366394043
3769,0.30901825428009033
3770,1.184116626973264e-06
3771,-0.30901598930358887
3772,-0.5877875685691833
3773,-0.8090165257453918
3774,-0.9510563015937805
3775,-1.0
3776,-0.9510566592216492
3777,-0.8090171217918396
3778,-0.5877853631973267
3779,-0.30901703238487244
3780,9.539904510802444e-08
3781,0.30901721119880676
3782,0.587785542011261
3783,0.8090173006057739
3784,0.951056718826294
3785,1.0
3786,0.9510562419891357
3787,0.8090164065361023
3788,0.5877843499183655
3789,0.30901944637298584
3790,2.4397825200139778e-06
3791,-0.30901479721069336
3792,-0.5877865552902222
3793,-0.8090180158615112
3794,-0.9510570764541626
3795,-1.0
3796,-0.9510558843612671
3797,-0.8090179562568665
3798,-0.5877863764762878
3799,-0.30901822447776794
3800,-1.1602668337218347e-06
3801,0.30901601910591125
3802,0.5877876281738281
3803,0.8090187907218933
3804,0.9510563015937805
3805,1.0
3806,0.9510565996170044
3807,0.8090171217918396
3808,0.5877853631973267
3809,0.30901700258255005
3810,-1.1924880993774423e-07
3811,-0.30901360511779785
3812,-0.5877824425697327
3813,-0.8090173006057739
3814,-0.951056718826294
3815,-1.0
3816,-0.9510562419891357
3817,-0.8090164065361023
3818,-0.5877843499183655
3819,-0.30901941657066345
3820,-2.4159328404493863e-06
3821,0.30901482701301575
3822,0.5877866148948669
3823,0.8090180158615112
3824,0.9510570764541626
3825,1.0
3826,0.9510570764541626
3827,0.8090178966522217
3828,0.5877863764762878
3829,0.30901819467544556
3830,1.1364171541572432e-06
3831,-0.30901965498924255
3832,-0.5877876281738281
3833,-0.8090165257453918
3834,-0.9510563611984253
3835,-1.0
3836,-0.9510565996170044
3837,-0.8090171217918396
3838,-0.5877853631973267
3839,-0.30901697278022766
3840,3.9577957977599e-06
3841,0.30901363492012024
3842,0.5877856016159058
3843,0.8090173006057739
3844,0.951056718826294
3845,1.0
3846,0.9510562419891357
3847,0.8090164065361023
3848,0.587787389755249
3849,0.30901938676834106
3850,2.3920829335111193e-06
3851,-0.30901846289634705
3852,-0.5877866148948669
3853,-0.809018075466156
3854,-0.9510571360588074
3855,-1.0
3856,-0.9510570168495178
3857,-0.8090178370475769
3858,-0.5877863764762878
3859,-0.30901816487312317
3860,2.702129904719186e-06
3861,0.30901968479156494
3862,0.5877876281738281
3863,0.8090165853500366
3864,0.9510551691055298
3865,1.0
3866,0.9510554671287537
3867,0.8090171217918396
3868,0.5877822637557983
3869,0.3090169429779053
3870,3.647748826551833e-06
3871,-0.30901727080345154
3872,-0.5877825021743774
3873,-0.8090173602104187
3874,-0.9510555267333984
3875,-1.0
3876,-0.9510550498962402
3877,-0.8090163469314575
3878,-0.587787389755249
3879,-0.30901575088500977
3880,-2.368233253946528e-06
3881,0.30901849269866943
3882,0.5877835154533386
3883,0.809018075466156
3884,0.9510583281517029
3885,1.0
3886,0.9510570168495178
3887,0.8090155720710754
3888,0.5877863168716431
3889,0.30901452898979187
3890,1.0887175676543848e-06
3891,-0.30901971459388733
3892,-0.5877845883369446
3893,-0.8090143203735352
3894,-0.9510563611984253
3895,-1.0
3896,-0.9510565996170044
3897,-0.8090148568153381
3898,-0.5877853035926819
3899,-0.3090205490589142
3900,1.9079809021604888e-07
3901,0.3090136647224426
3902,0.5877856016159058
3903,0.809015154838562
3904,0.9510567784309387
3905,1.0
3906,0.951056182384491
3907,0.8090185523033142
3908,0.5877842903137207
3909,0.3090193569660187
3910,-1.4703138049299014e-06
3911,-0.3090148866176605
3912,-0.5877866744995117
3913,-0.8090158700942993
3914,-0.9510571360588074
3915,-1.0
3916,-0.9510558247566223
3917,-0.8090178370475769
3918,-0.5877894163131714
3919,-0.3090181350708008
3920,-4.8795650400279555e-06
3921,0.3090161085128784
3922,0.5877814888954163
3923,0.8090210556983948
3924,0.951057493686676
3925,1.0
3926,0.9510554671287537
3927,0.8090171217918396
3928,0.5877822041511536
3929,0.3090169131755829
3930,-4.029345291201025e-06
3931,-0.3090173304080963
3932,-0.5877887010574341
3933,-0.8090173602104187
3934,-0.9510555863380432
3935,-1.0
3936,-0.9510573744773865
3937,-0.8090162873268127
3938,-0.5877873301506042
3939,-0.309015691280365
3940,-2.3205336674436694e-06
3941,0.3090112805366516
3942,0.5877835750579834
3943,0.8090136051177979
3944,0.9510583281517029
3945,1.0
3946,0.9510546326637268
3947,0.8090155720710754
3948,0.5877863168716431
3949,0.3090144693851471
3950,1.041018094838364e-06
3951,-0.3090197443962097
3952,-0.5877845883369446
3953,-0.8090188503265381
3954,-0.9510563611984253
3955,-1.0
3956,-0.9510565996170044
3957,-0.8090193271636963
3958,-0.5877852439880371
3959,-0.3090205192565918
3960,2.3849761987548845e-07
3961,0.3090137243270874
3962,0.5877794623374939
3963,0.8090196251869202
3964,0.9510543942451477
3965,1.0
3966,0.951056182384491
3967,0.809014081954956
3968,0.5877842307090759
3969,0.3090192973613739
3970,-1.518013277745922e-06
3971,-0.3090149164199829
3972,-0.5877866744995117
3973,-0.8090158700942993
3974,-0.9510571360588074
3975,-1.0
3976,-0.9510558247566223
3977,-0.8090178370475769
3978,-0.5877893567085266
3979,-0.309018075466156
3980,-4.8318656808987726e-06
3981,0.3090234100818634
3982,0.587781548500061
3983,0.8090210556983948
3984,0.951057493686676
3985,1.0
3986,0.9510554075241089
3987,0.8090170621871948
3988,0.5877821445465088
3989,0.3090168535709381
3990,-4.077044650330208e-06
3991,-0.3090173602104187
3992,-0.5877825617790222
3993,-0.8090173602104187
3994,-0.9510555863380432
3995,-1.0
3996,-0.9510573744773865
3997,-0.8090162873268127
3998,-0.5877872705459595
3999,-0.3090229034423828
4000,-2.2728343083144864e-06
4001,0.3090113401412964
4002,0.58778977394104
4003,0.8090181350708008
4004,0.9510583281517029
4005,1.0
4006,0.9510570168495178
4007,0.8090155720710754
4008,0.5877862572669983
4009,0.3090144395828247
4010,9.933185083355056e-07
4011,-0.3090198040008545
4012,-0.5877846479415894
4013,-0.8090143799781799
4014,-0.9510563611984253
4015,-1.0
4016,-0.9510565996170044
4017,-0.8090193271636963
4018,-0.5877852439880371
4019,-0.309020459651947
4020,7.9155915955198e-06
4021,0.3090210258960724
4022,0.5877795219421387
4023,0.8090196251869202
4024,0.9510567784309387
4025,1.0
